date,open,high,low,close,adj_close,volume
2020-01-02,8776.75,8901.5,8769.5,8891.75,8891.75,416640.0
2020-01-03,8895.5,8907.25,8735.25,8810.0,8810.0,599890.0
2020-01-06,8772.25,8873.0,8723.0,8847.5,8847.5,469510.0
2020-01-07,8853.25,8894.75,8825.75,8853.0,8853.0,510000.0
2020-01-08,8841.5,8972.25,8678.0,8944.5,8944.5,723090.0
2020-01-09,8948.75,9022.25,8932.5,9009.0,9009.0,457260.0
2020-01-10,9010.0,9055.5,8966.25,8978.25,8978.25,472170.0
2020-01-13,8979.0,9095.5,8979.0,9088.25,9088.25,380440.0
2020-01-14,9087.75,9114.75,9035.0,9062.5,9062.5,553340.0
2020-01-15,9062.0,9096.0,9023.0,9060.0,9060.0,497100.0
2020-01-16,9061.75,9140.25,9061.5,9133.5,9133.5,397880.0
2020-01-17,9137.0,9189.25,9130.0,9174.5,9174.5,438670.0
2020-01-21,9174.0,9199.75,9114.75,9169.75,9169.75,532160.0
2020-01-22,9179.5,9254.0,9174.25,9195.75,9195.75,519020.0
2020-01-23,9190.0,9253.5,9151.75,9248.25,9248.25,616950.0
2020-01-24,9252.0,9287.25,9109.5,9144.5,9144.5,758800.0
2020-01-27,9077.0,9077.0,8925.5,8954.5,8954.5,792710.0
2020-01-28,8952.5,9136.25,8952.5,9105.25,9105.25,632550.0
2020-01-29,9119.5,9158.75,9072.25,9098.5,9098.5,578410.0
2020-01-30,9111.25,9240.0,9003.5,9216.25,9216.25,846590.0
2020-01-31,9226.5,9248.75,8966.0,8997.75,8997.75,898380.0
2020-02-03,8982.75,9155.75,8975.0,9114.25,9114.25,680730.0
2020-02-04,9099.0,9369.25,9073.0,9355.0,9355.0,563910.0
2020-02-05,9357.0,9462.75,9317.75,9381.5,9381.5,729550.0
2020-02-06,9390.0,9464.0,9362.5,9455.5,9455.5,545050.0
2020-02-07,9467.0,9471.0,9385.0,9409.5,9409.5,592700.0
2020-02-10,9401.5,9531.5,9330.75,9527.5,9527.5,500150.0
2020-02-11,9525.0,9609.5,9501.25,9527.25,9527.25,589570.0
2020-02-12,9536.25,9628.25,9523.75,9625.75,9625.75,454470.0
2020-02-13,9621.5,9644.75,9511.25,9613.0,9613.0,613580.0
2020-02-14,9626.25,9659.25,9588.0,9632.25,9632.25,489390.0
2020-02-18,9635.0,9687.5,9534.25,9636.0,9636.0,668510.0
2020-02-19,9643.25,9748.75,9641.25,9733.5,9733.5,419130.0
2020-02-20,9744.75,9763.0,9517.0,9624.25,9624.25,802420.0
2020-02-21,9617.25,9623.75,9411.5,9458.0,9458.0,911840.0
2020-02-24,9355.25,9365.0,9041.25,9091.0,9091.0,1170000.0
2020-02-25,9091.0,9224.25,8810.0,8854.25,8854.25,1340000.0
2020-02-26,8868.25,9037.5,8709.5,8850.25,8850.25,1250000.0
2020-02-27,8811.5,8878.5,8334.25,8382.75,8382.75,1580000.0
2020-02-28,8347.0,8574.75,8126.25,8454.0,8454.0,1530000.0
2020-03-02,8349.25,8883.25,8224.25,8791.25,8791.25,1370000.0
2020-03-03,8830.5,9002.5,8511.0,8582.5,8582.5,1300000.0
2020-03-04,8557.5,8950.0,8508.25,8896.5,8896.5,939030.0
2020-03-05,8889.0,8899.75,8610.75,8648.75,8648.75,954100.0
2020-03-06,8677.0,8726.5,8310.5,8503.25,8503.25,1100000.0
2020-03-09,8369.0,8375.0,7820.0,7951.5,7951.5,560910.0
2020-03-10,7893.75,8378.75,7814.25,8331.5,8331.5,982070.0
2020-03-11,8317.0,8334.25,7892.75,8003.5,8003.5,990240.0
2020-03-12,7998.75,8108.0,7128.5,7215.25,7215.25,876290.0
2020-03-13,7100.0,7978.0,6942.5,7915.75,7915.75,584270.0
2020-03-16,7903.0,7905.25,6927.0,7057.5,7057.5,307370.0
2020-03-17,7053.0,7552.25,6948.75,7405.25,7405.25,317500.0
2020-03-18,7386.0,7392.25,6830.0,7225.25,7225.25,156280.0
2020-03-19,7251.75,7521.5,6894.25,7293.5,7293.5,115520.0
2020-03-20,7195.0,7649.0,7153.5,7418.0,7418.0,11670.0
2020-03-23,6798.0,7316.25,6628.75,6984.5,6984.5,633240.0
2020-03-24,7005.75,7572.25,7005.75,7554.75,7554.75,556550.0
2020-03-25,7544.75,7761.0,7371.5,7467.75,7467.75,656700.0
2020-03-26,7483.5,7893.5,7310.25,7844.0,7844.0,567710.0
2020-03-27,7882.75,7893.25,7551.25,7568.5,7568.5,443320.0
2020-03-30,7395.75,7884.0,7365.0,7854.75,7854.75,419580.0
2020-03-31,7856.75,7995.0,7747.5,7786.25,7786.25,424390.0
2020-04-01,7772.5,7773.5,7404.25,7438.75,7438.75,411360.0
2020-04-02,7473.5,7656.25,7376.0,7627.25,7627.25,436830.0
2020-04-03,7623.0,7660.25,7423.5,7522.75,7522.75,351870.0
2020-04-06,7535.75,8099.0,7535.5,8029.75,8029.75,396870.0
2020-04-07,8034.25,8303.25,7948.0,8012.0,8012.0,531040.0
2020-04-08,8015.0,8242.0,7953.25,8189.75,8189.75,424380.0
2020-04-09,8195.25,8326.25,8101.75,8227.5,8227.5,522650.0
2020-04-13,8296.0,8338.75,8073.25,8327.25,8327.25,385070.0
2020-04-14,8337.0,8710.0,8319.0,8692.5,8692.5,431920.0
2020-04-15,8706.25,8707.5,8486.5,8594.0,8594.0,407750.0
2020-04-16,8576.0,8842.5,8500.5,8734.25,8734.25,539160.0
2020-04-17,8909.75,8966.75,8689.5,8809.0,8809.0,509560.0
2020-04-20,8799.5,8846.0,8687.0,8692.0,8692.0,427980.0
2020-04-21,8695.0,8763.0,8342.0,8431.75,8431.75,582450.0
2020-04-22,8447.0,8700.0,8400.0,8638.0,8638.0,373070.0
2020-04-23,8636.25,8786.5,8580.5,8598.75,8598.75,435110.0
2020-04-24,8588.25,8780.25,8498.25,8769.0,8769.0,380230.0
2020-04-27,8766.0,8898.0,8730.0,8824.25,8824.25,355550.0
2020-04-28,8819.0,8945.75,8654.5,8719.75,8719.75,440940.0
2020-04-29,8759.25,9118.75,8733.75,9036.5,9036.5,432410.0
2020-04-30,9109.5,9144.75,8856.5,8988.5,8988.5,462960.0
2020-05-01,8847.0,8879.0,8672.0,8718.0,8718.0,414560.0
2020-05-04,8624.0,8828.0,8556.25,8795.5,8795.5,381910.0
2020-05-05,8806.25,9020.0,8798.5,8924.25,8924.25,367230.0
2020-05-06,8928.5,9056.5,8877.75,8952.0,8952.0,414050.0
2020-05-07,8947.5,9126.0,8930.25,9107.75,9107.75,383880.0
2020-05-08,9115.0,9238.0,9103.25,9218.25,9218.25,362320.0
2020-05-11,9194.75,9339.0,9118.5,9279.0,9279.0,398140.0
2020-05-12,9282.0,9345.5,9040.5,9078.25,9078.25,500540.0
2020-05-13,9045.75,9202.75,8878.25,8992.25,8992.25,703290.0
2020-05-14,9012.75,9104.0,8847.0,9079.5,9079.5,639070.0
2020-05-15,9085.5,9148.5,8925.5,9096.5,9096.5,537250.0
2020-05-18,9135.0,9361.5,9110.25,9325.5,9325.5,398560.0
2020-05-19,9316.25,9417.25,9283.75,9300.75,9300.75,392500.0
2020-05-20,9289.75,9498.0,9273.0,9485.5,9485.5,369920.0
2020-05-21,9494.75,9510.75,9352.0,9355.75,9355.75,429220.0
2020-05-22,9360.5,9422.5,9241.5,9406.25,9406.25,365380.0
2020-05-26,9396.25,9604.0,9373.0,9406.5,9406.5,486550.0
2020-05-27,9409.0,9508.0,9172.5,9432.5,9432.5,560520.0
2020-05-28,9436.5,9565.5,9320.5,9460.25,9460.25,510620.0
2020-05-29,9453.5,9590.5,9372.0,9560.25,9560.25,529700.0
2020-06-01,9513.0,9605.75,9450.25,9595.0,9595.0,345590.0
2020-06-02,9590.0,9670.0,9504.75,9647.75,9647.75,389910.0
2020-06-03,9657.5,9728.25,9635.5,9684.75,9684.75,376690.0
2020-06-04,9685.5,9742.5,9572.25,9626.25,9626.25,462360.0
2020-06-05,9643.5,9846.25,9601.75,9808.5,9808.5,513659.99999999994
2020-06-08,9819.0,9901.0,9747.0,9884.75,9884.75,391650.0
2020-06-09,9887.25,10005.25,9811.5,9951.0,9951.0,437440.0
2020-06-10,9960.0,10155.5,9958.5,10087.25,10087.25,557710.0
2020-06-11,10086.25,10107.0,9584.5,9616.75,9616.75,828940.0
2020-06-12,9616.0,9849.25,9494.75,9645.0,9645.0,508840.0
2020-06-15,9536.75,9815.5,9381.75,9800.5,9800.5,319210.0
2020-06-16,9812.5,10013.75,9797.75,9972.5,9972.5,216310.0
2020-06-17,9961.75,10059.0,9927.0,9994.5,9994.5,100470.0
2020-06-18,9995.25,10040.75,9879.5,9995.75,9995.75,67460.0
2020-06-19,9997.25,10123.25,9997.25,10120.75,10120.75,4460.0
2020-06-22,9868.0,10134.5,9843.5,10124.75,10124.75,354770.0
2020-06-23,10121.5,10296.25,9972.25,10196.0,10196.0,406480.0
2020-06-24,10183.0,10242.0,9927.25,10010.75,10010.75,661650.0
2020-06-25,10005.25,10107.0,9885.5,10088.25,10088.25,514250.0
2020-06-26,10087.0,10120.5,9824.25,9865.5,9865.5,576150.0
2020-06-29,9785.5,9997.0,9728.75,9973.75,9973.75,479540.0
2020-06-30,9983.0,10171.5,9940.25,10147.25,10147.25,422350.0
2020-07-01,10141.0,10310.0,10076.0,10268.75,10268.75,402790.0
2020-07-02,10258.5,10422.25,10246.5,10355.75,10355.75,404760.0
2020-07-07,10600.0,10694.5,10505.75,10532.25,10532.25,465210.0
2020-07-08,10526.0,10673.0,10505.25,10662.25,10662.25,481020.0
2020-07-09,10674.25,10774.25,10560.0,10727.5,10727.5,607390.0
2020-07-10,10727.0,10847.5,10625.5,10837.25,10837.25,527570.0
2020-07-13,10848.25,11058.5,10561.5,10600.0,10600.0,736180.0
2020-07-14,10602.0,10693.0,10358.75,10646.25,10646.25,915010.0
2020-07-15,10706.0,10766.5,10551.25,10683.25,10683.25,719950.0
2020-07-16,10693.0,10698.25,10475.5,10511.75,10511.75,628900.0
2020-07-17,10532.25,10669.75,10523.75,10622.5,10622.5,443140.0
2020-07-20,10621.25,10964.5,10546.25,10951.0,10951.0,496400.0
2020-07-21,10952.25,11058.0,10784.75,10851.0,10851.0,587990.0
2020-07-22,10850.75,10916.25,10761.25,10804.25,10804.25,483850.0
2020-07-23,10850.0,10938.5,10514.5,10548.25,10548.25,644190.0
2020-07-24,10565.5,10597.0,10301.0,10459.0,10459.0,652480.0
2020-07-27,10490.0,10684.0,10401.0,10675.25,10675.25,444800.0
2020-07-28,10682.5,10758.5,10514.0,10540.0,10540.0,445250.0
2020-07-29,10558.0,10699.75,10512.25,10674.25,10674.25,368010.0
2020-07-30,10700.0,10897.25,10502.75,10794.0,10794.0,521159.99999999994
2020-07-31,10906.5,10939.0,10691.0,10890.5,10890.5,631550.0
2020-08-03,10933.25,11073.0,10876.25,11044.25,11044.25,389620.0
2020-08-04,11054.0,11094.75,10983.0,11086.0,11086.0,395700.0
2020-08-05,11080.5,11144.0,11055.75,11091.75,11091.75,348820.0
2020-08-06,11094.0,11271.75,11051.25,11261.25,11261.25,420440.0
2020-08-07,11260.5,11283.25,11035.25,11122.75,11122.75,532550.0
2020-08-10,11140.25,11156.5,10928.25,11072.0,11072.0,485730.0
2020-08-11,11072.25,11157.75,10845.5,10878.5,10878.5,561750.0
2020-08-12,10928.5,11185.75,10878.5,11126.0,11126.0,434240.0
2020-08-13,11115.5,11266.0,11094.25,11175.25,11175.25,413660.0
2020-08-14,11180.5,11237.75,11096.0,11133.75,11133.75,398620.0
2020-08-17,11145.0,11300.5,11142.25,11286.75,11286.75,246400.0
2020-08-18,11285.5,11415.25,11268.0,11409.25,11409.25,326820.0
2020-08-19,11414.25,11438.0,11299.0,11332.0,11332.0,410890.0
2020-08-20,11327.0,11496.5,11221.5,11477.25,11477.25,401140.0
2020-08-21,11480.0,11573.5,11407.0,11562.0,11562.0,414230.0
2020-08-24,11581.0,11722.5,11528.25,11636.25,11636.25,617000.0
2020-08-25,11636.0,11742.25,11574.75,11726.25,11726.25,495890.0
2020-08-26,11739.5,12001.5,11726.75,11991.25,11991.25,578800.0
2020-08-27,11984.5,12046.0,11834.75,11952.75,11952.75,709350.0
2020-08-28,11953.25,12018.25,11920.5,11991.75,11991.75,489070.0
2020-08-31,12002.75,12165.0,11988.25,12114.0,12114.0,480980.0
2020-09-01,12109.75,12328.75,12093.0,12312.5,12312.5,519000.0
2020-09-02,12325.5,12465.25,12172.25,12411.5,12411.5,725400.0
2020-09-03,12408.5,12438.75,11658.5,11800.5,11800.5,931580.0
2020-09-04,11745.0,11843.0,11142.0,11548.75,11548.75,1200000.0
2020-09-08,11531.0,11585.0,11040.5,11060.5,11060.5,1010000.0
2020-09-09,11006.0,11478.75,10935.25,11392.75,11392.75,720950.0
2020-09-10,11377.75,11566.75,11088.0,11178.25,11178.25,885270.0
2020-09-11,11187.0,11356.25,10937.5,11061.5,11061.5,495800.0
2020-09-14,11104.0,11362.75,11104.0,11280.5,11280.5,322360.0
2020-09-15,11278.5,11495.5,11247.75,11464.25,11464.25,224400.0
2020-09-16,11467.5,11550.0,11237.5,11268.75,11268.75,167830.0
2020-09-17,11269.5,11302.5,10918.75,11090.0,11090.0,157390.0
2020-09-18,11082.0,11179.25,11037.25,11144.75,11144.75,0.0
2020-09-21,10920.0,11009.75,10656.5,10989.0,10989.0,727980.0
2020-09-22,10966.25,11191.0,10897.5,11149.5,11149.5,573570.0
2020-09-23,11160.5,11222.0,10786.0,10829.0,10829.0,656110.0
2020-09-24,10803.5,11011.75,10660.25,10891.75,10891.75,791930.0
2020-09-25,10914.25,11166.25,10813.75,11136.5,11136.5,600730.0
2020-09-28,11145.0,11404.0,11140.25,11394.75,11394.75,568220.0
2020-09-29,11388.0,11448.75,11289.5,11337.75,11337.75,444170.0
2020-09-30,11321.0,11526.0,11167.0,11407.25,11407.25,647970.0
2020-10-01,11375.0,11599.25,11375.0,11574.75,11574.75,580590.0
2020-10-02,11566.75,11604.75,11204.5,11233.25,11233.25,806630.0
2020-10-05,11308.5,11497.5,11267.5,11469.25,11469.25,398440.0
2020-10-06,11473.0,11524.5,11197.5,11273.75,11273.75,612280.0
2020-10-07,11220.5,11506.5,11208.0,11470.0,11470.0,443050.0
2020-10-08,11473.25,11578.75,11469.75,11539.0,11539.0,403380.0
2020-10-09,11562.0,11739.0,11552.5,11724.75,11724.75,408450.0
2020-10-12,11722.75,12197.0,11687.75,12098.25,12098.25,756440.0
2020-10-13,12100.0,12249.0,12019.0,12094.0,12094.0,754740.0
2020-10-14,12079.75,12178.0,11901.75,11974.25,11974.25,597200.0
2020-10-15,11950.0,11983.25,11736.5,11874.0,11874.0,595930.0
2020-10-16,11891.0,12022.0,11792.0,11798.0,11798.0,527030.0
2020-10-19,11816.75,11950.5,11591.25,11650.25,11650.25,623200.0
2020-10-20,11697.5,11792.0,11598.5,11660.75,11660.75,622700.0
2020-10-21,11675.25,11779.25,11585.0,11691.25,11691.25,599850.0
2020-10-22,11683.5,11724.0,11511.0,11649.75,11649.75,583670.0
2020-10-23,11669.25,11691.75,11551.0,11663.5,11663.5,501240.0
2020-10-26,11634.0,11695.5,11343.25,11492.25,11492.25,674140.0
2020-10-27,11499.5,11623.0,11478.25,11588.0,11588.0,551640.0
2020-10-28,11558.5,11566.75,11123.75,11132.75,11132.75,749420.0
2020-10-29,11180.5,11457.75,11145.0,11342.75,11342.75,606330.0
2020-10-30,11213.25,11281.25,10944.5,11046.25,11046.25,801980.0
2020-11-02,11034.5,11212.0,10942.25,11063.25,11063.25,602650.0
2020-11-03,11074.75,11347.0,11064.5,11265.75,11265.75,509500.0
2020-11-04,11264.0,11843.75,11230.25,11763.0,11763.0,842620.0
2020-11-05,11830.0,12119.5,11771.25,12076.5,12076.5,578440.0
2020-11-06,12088.5,12109.0,11868.25,12075.0,12075.0,552480.0
2020-11-09,12139.25,12408.75,11812.25,11820.5,11820.5,731880.0
2020-11-10,11863.5,11901.5,11503.25,11618.25,11618.25,834530.0
2020-11-11,11632.25,11917.75,11575.25,11886.0,11886.0,546220.0
2020-11-12,11898.5,11975.75,11775.75,11820.0,11820.0,554930.0
2020-11-13,11857.0,11952.75,11801.75,11933.5,11933.5,445510.0
2020-11-16,11957.25,12065.0,11851.75,12005.0,12005.0,471100.0
2020-11-17,12061.25,12096.25,11953.75,11975.0,11975.0,401510.0
2020-11-18,11972.0,12027.5,11861.5,11897.0,11897.0,475830.0
2020-11-19,11876.0,12000.0,11804.5,11987.25,11987.25,421690.0
2020-11-20,11960.0,12021.0,11873.5,11905.75,11905.75,358180.0
2020-11-23,11894.0,12001.75,11808.25,11905.25,11905.25,425780.0
2020-11-24,11909.75,12104.5,11872.75,12076.0,12076.0,401640.0
2020-11-25,12098.5,12177.75,12077.5,12152.25,12152.25,386230.0
2020-11-27,12168.25,12307.5,12127.0,12257.5,12257.5,296830.0
2020-11-30,12286.5,12337.25,12086.0,12277.0,12277.0,493060.0
2020-12-01,12336.0,12512.25,12312.0,12452.25,12452.25,464020.0
2020-12-02,12456.25,12473.5,12312.5,12454.25,12454.25,400410.0
2020-12-03,12472.0,12540.25,12444.0,12462.25,12462.25,376880.0
2020-12-04,12487.0,12535.75,12448.5,12526.0,12526.0,321800.0
2020-12-07,12525.0,12612.25,12474.75,12596.0,12596.0,323770.0
2020-12-08,12574.0,12652.5,12502.0,12637.5,12637.5,365420.0
2020-12-09,12657.25,12675.0,12306.75,12367.0,12367.0,635770.0
2020-12-10,12342.75,12449.0,12218.25,12402.0,12402.0,529840.0
2020-12-11,12391.0,12414.25,12234.25,12368.0,12368.0,361860.0
2020-12-14,12405.5,12545.0,12386.5,12456.5,12456.5,296140.0
2020-12-15,12460.5,12604.75,12417.0,12591.75,12591.75,223260.0
2020-12-16,12599.5,12699.75,12567.75,12665.25,12665.25,153920.0
2020-12-17,12677.0,12766.25,12667.5,12751.0,12751.0,84470.0
2020-12-18,12744.25,12823.0,12708.0,12800.0,12800.0,5940.0
2020-12-21,12760.0,12782.5,12461.0,12683.5,12683.5,606580.0
2020-12-22,12698.25,12760.0,12593.5,12710.0,12710.0,457270.0
2020-12-23,12704.75,12738.75,12623.5,12651.25,12651.25,358010.0
2020-12-24,12660.75,12724.0,12631.5,12704.5,12704.5,173460.0
2020-12-28,12676.25,12855.5,12655.25,12832.75,12832.75,346690.0
2020-12-29,12845.25,12918.25,12808.25,12841.0,12841.0,394000.0
2020-12-30,12860.75,12909.75,12820.5,12841.5,12841.5,334300.0
2020-12-31,12840.0,12896.0,12796.5,12885.5,12885.5,280570.0
2021-01-04,12889.0,12959.75,12522.5,12685.5,12685.5,650470.0
2021-01-05,12682.75,12809.0,12612.0,12793.5,12793.5,483170.0
2021-01-06,12800.25,12844.25,12491.25,12616.75,12616.75,755620.0
2021-01-07,12658.5,12959.0,12646.5,12928.0,12928.0,435940.0
2021-01-08,12927.0,13125.0,12919.0,13097.25,13097.25,508110.0
2021-01-11,13093.25,13105.25,12871.75,12897.0,12897.0,454750.0
2021-01-12,12910.75,12959.0,12767.25,12890.25,12890.25,461730.0
2021-01-13,12882.5,13003.0,12820.75,12972.25,12972.25,416300.0
2021-01-14,12975.5,13028.75,12881.0,12901.0,12901.0,417580.0
2021-01-15,12909.0,12931.25,12743.5,12802.25,12802.25,539770.0
2021-01-19,12774.25,13032.75,12727.0,12985.5,12985.5,481600.0
2021-01-20,13030.0,13327.0,13017.0,13294.25,13294.25,438770.0
2021-01-21,13288.5,13423.5,13283.25,13395.5,13395.5,421920.0
2021-01-22,13394.0,13402.25,13300.25,13361.5,13361.5,407710.0
2021-01-25,13370.0,13554.5,13189.0,13475.5,13475.5,663840.0
2021-01-26,13459.75,13599.75,13380.25,13485.5,13485.5,502390.0
2021-01-27,13551.0,13586.5,12884.75,13105.5,13105.5,786470.0
2021-01-28,13052.5,13394.0,12906.25,13186.0,13186.0,623570.0
2021-01-29,13156.0,13188.0,12829.0,12911.25,12911.25,738850.0
2021-02-01,12849.0,13271.5,12727.25,13236.5,13236.5,549550.0
2021-02-02,13232.5,13509.75,13230.5,13449.0,13449.0,491670.0
2021-02-03,13506.0,13584.5,13386.75,13394.25,13394.25,499100.0
2021-02-04,13429.5,13568.75,13345.25,13547.5,13547.5,408020.0
2021-02-05,13560.0,13638.5,13519.5,13598.0,13598.0,431940.0
2021-02-08,13623.75,13693.0,13596.0,13683.0,13683.0,393930.0
2021-02-09,13683.5,13735.25,13634.0,13680.25,13680.25,367120.0
2021-02-10,13698.0,13769.25,13516.75,13643.5,13643.5,552640.0
2021-02-11,13662.0,13743.75,13612.5,13729.0,13729.0,495130.0
2021-02-12,13711.25,13820.75,13646.0,13804.75,13804.75,392930.0
2021-02-16,13829.5,13900.5,13716.0,13767.75,13767.75,604660.0
2021-02-17,13758.25,13785.0,13543.0,13699.75,13699.75,583570.0
2021-02-18,13699.5,13723.25,13468.0,13633.0,13633.0,574580.0
2021-02-19,13638.25,13729.0,13534.75,13576.0,13576.0,535190.0
2021-02-22,13585.0,13629.0,13215.0,13224.25,13224.25,648530.0
2021-02-23,13227.0,13335.75,12757.25,13192.0,13192.0,873270.0
2021-02-24,13170.75,13334.0,12958.0,13302.0,13302.0,673350.0
2021-02-25,13304.75,13353.75,12764.0,12831.75,12831.75,894520.0
2021-02-26,12802.5,13089.5,12662.25,12911.0,12911.0,841910.0
2021-03-01,12957.5,13318.0,12946.25,13279.75,13279.75,513850.0
2021-03-02,13312.25,13328.25,13048.25,13055.25,13055.25,563140.0
2021-03-03,13061.25,13192.0,12663.25,12681.75,12681.75,756450.0
2021-03-04,12682.0,12797.0,12306.5,12455.0,12455.0,1050000.0
2021-03-05,12435.0,12697.75,12207.25,12663.75,12663.75,1020000.0
2021-03-08,12715.0,12761.25,12281.75,12297.25,12297.25,749030.0
2021-03-09,12345.75,12867.5,12326.0,12788.75,12788.75,644020.0
2021-03-10,12812.0,12993.25,12703.0,12749.25,12749.25,715960.0
2021-03-11,12795.25,13119.25,12724.25,13048.25,13048.25,526140.0
2021-03-12,13055.0,13095.0,12768.25,12933.5,12933.5,476350.0
2021-03-15,12950.0,13099.0,12872.0,13078.5,13078.5,297630.0
2021-03-16,13084.75,13298.0,13056.5,13151.5,13151.5,240940.0
2021-03-17,13174.75,13283.25,12946.5,13201.5,13201.5,202700.0
2021-03-18,13200.5,13279.0,12777.5,12795.5,12795.5,121110.0
2021-03-19,12818.25,12919.0,12732.75,12808.75,12808.75,9020.0
2021-03-22,12807.0,13157.0,12788.5,13071.75,13071.75,478670.0
2021-03-23,13069.0,13172.0,12979.0,13006.25,13006.25,604250.0
2021-03-24,13050.25,13145.25,12784.0,12794.0,12794.0,626540.0
2021-03-25,12803.0,12859.5,12609.75,12770.5,12770.5,745800.0
2021-03-26,12799.75,12988.5,12676.25,12966.75,12966.75,622210.0
2021-03-29,12975.75,13003.0,12807.5,12944.5,12944.5,574190.0
2021-03-30,12975.0,12984.0,12776.5,12878.25,12878.25,516409.99999999994
2021-03-31,12894.75,13158.0,12858.25,13089.75,13089.75,478400.0
2021-04-01,13094.5,13332.5,13090.25,13316.0,13316.0,436490.0
2021-04-05,13339.0,13615.0,13304.25,13585.5,13585.5,356730.0
2021-04-06,13603.75,13655.0,13524.25,13570.0,13570.0,457220.0
2021-04-07,13580.5,13641.0,13512.5,13604.75,13604.75,434830.0
2021-04-08,13620.75,13789.75,13615.5,13747.75,13747.75,435060.0
2021-04-09,13786.5,13841.75,13648.25,13829.5,13829.5,494770.0
2021-04-12,13817.75,13832.25,13732.0,13808.75,13808.75,453970.0
2021-04-13,13825.0,13994.0,13772.75,13975.75,13975.75,485940.0
2021-04-14,13977.75,14029.0,13772.75,13798.75,13798.75,662200.0
2021-04-15,13827.0,14034.25,13789.25,14014.0,14014.0,524810.0
2021-04-16,14002.0,14059.5,13952.75,14029.5,14029.5,500610.0
2021-04-19,13989.0,14052.25,13821.0,13897.25,13897.25,613720.0
2021-04-20,13900.0,13933.75,13719.25,13794.25,13794.25,606020.0
2021-04-21,13740.0,13926.5,13700.5,13919.25,13919.25,510090.0
2021-04-22,13896.5,13944.75,13701.75,13750.25,13750.25,623940.0
2021-04-23,13757.0,13981.0,13737.0,13927.0,13927.0,450890.0
2021-04-26,13919.75,14039.25,13865.5,14011.5,14011.5,403660.0
2021-04-27,14024.75,14050.0,13912.5,13953.0,13953.0,412800.0
2021-04-28,13955.5,13993.5,13878.0,13892.25,13892.25,501600.0
2021-04-29,13973.5,14064.0,13818.5,13953.5,13953.5,595560.0
2021-04-30,13948.25,13956.75,13819.75,13850.0,13850.0,555240.0
2021-05-03,13880.25,13947.5,13772.0,13790.0,13790.0,473910.0
2021-05-04,13785.0,13792.5,13380.75,13536.0,13536.0,667320.0
2021-05-05,13525.75,13665.5,13462.75,13491.0,13491.0,520690.00000000006
2021-05-06,13484.0,13611.5,13388.75,13597.75,13597.75,567450.0
2021-05-07,13614.5,13818.0,13588.25,13709.75,13709.75,550630.0
2021-05-10,13718.0,13752.0,13305.5,13356.75,13356.75,603730.0
2021-05-11,13316.5,13375.75,13065.25,13346.0,13346.0,787640.0
2021-05-12,13321.25,13351.75,12959.75,12998.5,12998.5,760920.0
2021-05-13,12968.75,13223.75,12915.0,13100.25,13100.25,727350.0
2021-05-14,13095.0,13426.25,13071.0,13387.0,13387.0,468760.0
2021-05-17,13380.25,13448.5,13182.75,13303.5,13303.5,488300.0
2021-05-18,13308.5,13432.25,13178.5,13212.0,13212.0,442090.0
2021-05-19,13182.0,13243.0,12954.25,13233.5,13233.5,669350.0
2021-05-20,13220.5,13522.75,13150.75,13486.5,13486.5,465780.0
2021-05-21,13492.5,13570.0,13395.75,13405.0,13405.0,457740.0
2021-05-24,13383.25,13686.0,13356.5,13635.25,13635.25,368610.0
2021-05-25,13656.5,13738.75,13606.75,13656.25,13656.25,436160.0
2021-05-26,13670.25,13728.5,13656.0,13700.25,13700.25,343070.0
2021-05-27,13702.5,13720.75,13620.25,13665.5,13665.5,388600.0
2021-05-28,13694.75,13763.5,13662.75,13686.5,13686.5,366220.0
2021-06-01,13699.0,13773.0,13592.25,13648.75,13648.75,448000.0
2021-06-02,13653.25,13712.75,13603.25,13673.75,13673.75,371450.0
2021-06-03,13679.5,13707.75,13462.25,13529.25,13529.25,552990.0
2021-06-04,13531.75,13783.75,13467.75,13766.75,13766.75,446990.0
2021-06-07,13773.25,13824.0,13691.5,13804.25,13804.25,397550.0
2021-06-08,13823.0,13917.25,13741.75,13811.5,13811.5,482550.0
2021-06-09,13813.0,13904.25,13803.5,13814.25,13814.25,376890.0
2021-06-10,13817.0,13976.5,13726.0,13959.75,13959.75,492340.0
2021-06-11,13975.5,13997.75,13932.25,13994.25,13994.25,257730.00000000003
2021-06-14,13999.0,14133.5,13965.25,14124.75,14124.75,229730.0
2021-06-15,14119.5,14163.0,14009.25,14030.25,14030.25,178160.0
2021-06-16,14046.75,14103.75,13840.0,13981.25,13981.25,124320.0
2021-06-17,13948.5,14217.75,13850.25,14165.5,14165.5,113880.0
2021-06-18,14183.75,14214.25,14063.5,14107.5,14107.5,8580.0
2021-06-21,14022.75,14144.0,13958.5,14130.0,14130.0,503660.0
2021-06-22,14136.75,14279.25,14066.5,14258.25,14258.25,420970.0
2021-06-23,14274.0,14315.75,14231.75,14263.0,14263.0,366490.0
2021-06-24,14275.25,14422.0,14270.0,14354.25,14354.25,409860.0
2021-06-25,14365.75,14394.25,14313.25,14339.0,14339.0,379760.0
2021-06-28,14350.0,14519.75,14333.25,14512.5,14512.5,376860.0
2021-06-29,14504.5,14584.75,14468.75,14563.0,14563.0,360170.0
2021-06-30,14584.75,14598.5,14518.25,14549.0,14549.0,384460.0
2021-07-01,14558.5,14606.25,14471.0,14548.5,14548.5,436420.0
2021-07-02,14543.75,14729.0,14513.25,14713.75,14713.75,392170.0
2021-07-06,14704.25,14790.0,14625.25,14775.5,14775.5,557680.0
2021-07-07,14764.5,14883.75,14726.25,14802.25,14802.25,471450.0
2021-07-08,14812.0,14822.0,14540.5,14712.25,14712.25,631210.0
2021-07-09,14710.25,14832.0,14640.75,14810.5,14810.5,424770.0
2021-07-12,14824.0,14888.5,14785.0,14869.25,14869.25,362610.0
2021-07-13,14880.0,14994.75,14794.5,14865.0,14865.0,506390.0
2021-07-14,14869.75,14996.0,14841.25,14891.75,14891.75,499190.0
2021-07-15,14895.0,14962.75,14708.25,14787.5,14787.5,634790.0
2021-07-16,14778.5,14869.5,14656.0,14670.5,14670.5,539010.0
2021-07-19,14675.0,14682.5,14445.0,14540.75,14540.75,720290.0
2021-07-20,14593.75,14782.5,14516.75,14722.75,14722.75,529360.0
2021-07-21,14729.75,14839.5,14668.25,14827.75,14827.75,404350.0
2021-07-22,14836.75,14982.75,14826.75,14928.5,14928.5,425430.0
2021-07-23,14979.5,15117.25,14934.25,15098.0,15098.0,449260.0
2021-07-26,15098.0,15134.0,15038.75,15117.75,15117.75,391520.0
2021-07-27,15125.25,15131.5,14774.25,14947.75,14947.75,671790.0
2021-07-28,14875.75,15074.5,14866.0,15011.5,15011.5,577190.0
2021-07-29,14984.75,15084.0,14905.0,15037.75,15037.75,412590.0
2021-07-30,14905.25,14980.0,14811.25,14955.75,14955.75,505630.0
2021-08-02,14972.75,15056.25,14932.25,14952.75,14952.75,446140.0
2021-08-03,14962.25,15050.0,14849.0,15046.25,15046.25,520380.0
2021-08-04,15038.0,15108.0,14997.0,15073.5,15073.5,445700.0
2021-08-05,15081.75,15172.5,15069.25,15167.75,15167.75,341550.0
2021-08-06,15167.75,15169.75,15047.25,15095.5,15095.5,425070.0
2021-08-09,15090.25,15145.5,15003.25,15125.25,15125.25,361390.0
2021-08-10,15128.75,15157.25,14994.5,15044.5,15044.5,475300.0
2021-08-11,15045.0,15119.0,14963.0,15019.5,15019.5,479700.0
2021-08-12,15008.5,15090.5,14941.25,15078.5,15078.5,384240.0
2021-08-13,15079.75,15141.75,15055.25,15125.75,15125.75,364520.0
2021-08-16,15119.25,15139.0,14917.25,15134.0,15134.0,590790.0
2021-08-17,15131.5,15133.75,14897.0,14997.5,14997.5,687900.0
2021-08-18,14970.25,15037.25,14806.5,14849.25,14849.25,568850.0
2021-08-19,14840.0,14999.0,14710.5,14928.0,14928.0,734180.0
2021-08-20,14943.25,15100.0,14851.0,15086.75,15086.75,504460.0
2021-08-23,15090.0,15337.5,15086.5,15304.5,15304.5,412590.0
2021-08-24,15327.0,15384.0,15309.5,15355.5,15355.5,365580.0
2021-08-25,15362.25,15397.0,15333.0,15364.25,15364.25,405230.0
2021-08-26,15367.25,15368.25,15255.25,15274.75,15274.75,564380.0
2021-08-27,15286.0,15443.75,15265.5,15426.5,15426.5,441050.0
2021-08-30,15432.75,15617.75,15420.0,15597.5,15597.5,417560.0
2021-08-31,15605.5,15677.25,15517.75,15582.5,15582.5,521130.0
2021-09-01,15599.5,15699.0,15578.5,15609.25,15609.25,465490.0
2021-09-02,15610.0,15682.0,15551.75,15601.0,15601.0,463640.0
2021-09-03,15601.0,15677.5,15552.25,15651.5,15651.5,462870.0
2021-09-07,15656.0,15708.75,15606.75,15674.75,15674.75,542060.0
2021-09-08,15671.0,15691.0,15523.75,15620.0,15620.0,559400.0
2021-09-09,15610.0,15675.75,15545.75,15558.75,15558.75,531290.0
2021-09-10,15561.0,15668.0,15433.5,15441.5,15441.5,402820.0
2021-09-13,15452.5,15565.0,15350.25,15436.75,15436.75,363280.0
2021-09-14,15452.25,15530.75,15351.25,15387.0,15387.0,237820.0
2021-09-15,15395.5,15521.75,15315.25,15504.0,15504.0,156770.0
2021-09-16,15516.5,15542.0,15369.5,15517.75,15517.75,105430.0
2021-09-17,15502.75,15547.0,15474.0,15486.75,15486.75,7470.0
2021-09-20,15284.0,15338.25,14807.5,15009.5,15009.5,845910.0
2021-09-21,14992.0,15163.25,14963.25,15024.0,15024.0,659780.0
2021-09-22,14992.75,15227.0,14930.5,15163.5,15163.5,601010.0
2021-09-23,15178.25,15347.0,15175.25,15303.5,15303.5,514539.99999999994
2021-09-24,15300.25,15334.25,15176.75,15318.75,15318.75,470510.0
2021-09-27,15319.0,15399.25,15084.0,15194.75,15194.75,543380.0
2021-09-28,15172.25,15192.25,14740.75,14764.75,14764.75,836790.0
2021-09-29,14769.25,14926.0,14711.0,14739.75,14739.75,649550.0
2021-09-30,14769.75,14883.5,14670.25,14682.5,14682.5,699370.0
2021-10-01,14702.25,14818.0,14537.0,14761.75,14761.75,663410.0
2021-10-04,14785.0,14835.0,14367.75,14462.25,14462.25,802850.0
2021-10-05,14493.75,14754.75,14410.5,14655.25,14655.25,574640.0
2021-10-06,14662.0,14770.0,14422.5,14759.0,14759.0,756880.0
2021-10-07,14768.0,15001.25,14767.0,14881.25,14881.25,492760.0
2021-10-08,14891.25,14996.0,14790.75,14808.25,14808.25,550610.0
2021-10-11,14810.25,14897.25,14677.0,14700.5,14700.5,510490.0
2021-10-12,14688.5,14783.25,14585.5,14653.25,14653.25,599370.0
2021-10-13,14594.0,14795.75,14591.0,14764.25,14764.25,556060.0
2021-10-14,14770.25,15071.5,14767.5,15037.25,15037.25,425060.0
2021-10-15,15063.75,15145.0,15020.75,15134.5,15134.5,442890.0
2021-10-18,15145.0,15297.25,15038.75,15290.5,15290.5,423420.0
2021-10-19,15289.75,15428.25,15269.0,15398.5,15398.5,384790.0
2021-10-20,15411.0,15446.5,15319.0,15377.5,15377.5,451740.0
2021-10-21,15357.5,15483.75,15301.0,15478.75,15478.75,436640.0
2021-10-22,15383.0,15463.5,15273.75,15341.0,15341.0,545390.0
2021-10-25,15324.25,15546.0,15295.75,15495.75,15495.75,456010.0
2021-10-26,15543.0,15701.0,15503.0,15545.0,15545.0,586100.0
2021-10-27,15532.25,15717.5,15507.25,15587.25,15587.25,534470.0
2021-10-28,15595.0,15777.0,15591.75,15764.75,15764.75,498210.0
2021-10-29,15679.75,15864.75,15595.5,15838.5,15838.5,484690.0
2021-11-01,15885.25,15914.75,15768.5,15894.25,15894.25,411510.0
2021-11-02,15891.0,15980.25,15849.5,15961.25,15961.25,418550.0
2021-11-03,15957.75,16145.75,15935.25,16129.75,16129.75,448140.0
2021-11-04,16129.5,16376.0,16129.5,16330.75,16330.75,524360.0
2021-11-05,16335.0,16448.5,16292.0,16351.75,16351.75,525820.0
2021-11-08,16293.0,16394.0,16256.0,16327.75,16327.75,414330.0
2021-11-09,16315.5,16391.75,16160.0,16212.75,16212.75,560750.0
2021-11-10,16201.25,16243.0,15896.5,15980.5,15980.5,658270.0
2021-11-11,15989.0,16114.0,15976.0,16022.75,16022.75,434780.0
2021-11-12,16043.75,16213.25,16001.75,16192.75,16192.75,422490.0
2021-11-15,16212.25,16276.5,16082.25,16187.75,16187.75,483870.0
2021-11-16,16198.5,16323.75,16142.0,16300.75,16300.75,424380.0
2021-11-17,16297.75,16396.5,16270.0,16311.5,16311.5,455990.0
2021-11-18,16322.5,16508.0,16303.5,16481.25,16481.25,602240.0
2021-11-19,16503.25,16628.5,16490.25,16575.0,16575.0,549030.0
2021-11-22,16600.25,16767.5,16364.5,16382.0,16382.0,770670.0
2021-11-23,16399.0,16418.75,16118.5,16312.0,16312.0,901450.0
2021-11-24,16300.25,16368.5,16102.0,16366.0,16366.0,656270.0
2021-11-26,16360.0,16436.0,15988.0,16051.0,16051.0,680750.0
2021-11-29,16046.5,16437.75,16038.0,16390.75,16390.75,597940.0
2021-11-30,16419.0,16456.25,16068.75,16150.5,16150.5,854650.0
2021-12-01,16238.75,16427.5,15825.25,15869.75,15869.75,861890.0
2021-12-02,15891.75,16066.25,15762.75,15988.5,15988.5,853710.0
2021-12-03,16020.0,16121.75,15538.0,15717.75,15717.75,898850.0
2021-12-06,15716.25,15897.25,15559.25,15842.75,15842.75,695520.0
2021-12-07,15848.75,16374.5,15824.5,16318.0,16318.0,594630.0
2021-12-08,16360.5,16436.75,16251.5,16392.25,16392.25,494850.0
2021-12-09,16380.5,16420.0,16120.25,16148.75,16148.75,612580.0
2021-12-10,16158.5,16335.75,16133.75,16329.75,16329.75,395290.0
2021-12-13,16321.75,16411.25,16064.25,16082.0,16082.0,286180.0
2021-12-14,16085.0,16133.75,15738.5,15924.75,15924.75,274760.0
2021-12-15,15928.5,16302.5,15744.5,16288.0,16288.0,161710.0
2021-12-16,16288.5,16459.25,15800.25,15870.5,15870.5,143260.0
2021-12-17,15873.0,15902.0,15668.0,15717.25,15717.25,9390.0
2021-12-20,15809.5,15851.75,15492.0,15621.25,15621.25,676200.0
2021-12-21,15674.25,15987.25,15605.0,15980.0,15980.0,530230.0
2021-12-22,15979.0,16183.0,15881.5,16169.75,16169.75,476670.0
2021-12-23,16180.0,16356.0,16145.25,16299.0,16299.0,349180.0
2021-12-27,16304.25,16580.75,16304.25,16560.0,16560.0,351310.0
2021-12-28,16565.75,16659.5,16452.25,16488.0,16488.0,454630.0
2021-12-29,16513.5,16564.25,16387.5,16490.5,16490.5,354990.0
2021-12-30,16484.5,16567.5,16411.25,16430.25,16430.25,304260.0
2021-12-31,16431.0,16464.0,16313.75,16320.75,16320.75,363720.0
2022-01-03,16356.0,16508.0,16292.0,16485.5,16485.5,513549.99999999994
2022-01-04,16497.75,16564.0,16139.5,16275.75,16275.75,669530.0
2022-01-05,16265.0,16269.0,15752.75,15766.5,15766.5,769790.0
2022-01-06,15763.75,15895.75,15598.5,15759.0,15759.0,802950.0
2022-01-07,15801.75,15852.75,15510.0,15581.0,15581.0,704410.0
2022-01-10,15590.0,15669.0,15152.5,15608.0,15608.0,888780.0
2022-01-11,15622.25,15839.5,15475.0,15831.0,15831.0,709360.0
2022-01-12,15826.0,16009.25,15762.5,15887.25,15887.25,671270.0
2022-01-13,15901.0,15979.75,15458.25,15490.25,15490.25,763020.0
2022-01-14,15505.0,15621.0,15312.5,15595.75,15595.75,795900.0
2022-01-18,15616.75,15653.25,15170.75,15206.0,15206.0,868070.0
2022-01-19,15238.75,15372.0,15011.25,15033.5,15033.5,776610.0
2022-01-20,15042.25,15340.25,14646.75,14841.0,14841.0,771410.0
2022-01-21,14722.0,14858.5,14408.5,14426.5,14426.5,1040000.0
2022-01-24,14410.0,14582.0,13706.0,14501.0,14501.0,1320000.0
2022-01-25,14495.0,14499.0,13890.0,14140.75,14140.75,957800.0
2022-01-26,13945.5,14639.75,13945.5,14158.5,14158.5,908550.0
2022-01-27,14194.0,14409.25,13844.5,13986.75,13986.75,866650.0
2022-01-28,14167.75,14442.0,13831.0,14433.0,14433.0,878240.0
2022-01-31,14454.0,14914.75,14353.25,14905.0,14905.0,654280.0
2022-02-01,14868.75,15137.0,14729.25,14994.75,14994.75,597310.0
2022-02-02,15129.0,15260.0,14825.0,15114.5,15114.5,645400.0
2022-02-03,14852.5,14870.0,14456.25,14492.25,14492.25,731580.0
2022-02-04,14770.0,14825.75,14362.75,14685.5,14685.5,763740.0
2022-02-07,14682.5,14806.25,14511.5,14559.75,14559.75,562310.0
2022-02-08,14600.0,14776.0,14467.5,14734.5,14734.5,611860.0
2022-02-09,14746.25,15068.0,14741.0,15038.25,15038.25,529890.0
2022-02-10,15062.25,15062.25,14622.0,14701.0,14701.0,834480.0
2022-02-11,14698.25,14766.75,14181.0,14240.5,14240.5,835980.0
2022-02-14,14250.0,14394.0,14031.0,14253.0,14253.0,734220.0
2022-02-15,14257.0,14614.75,14223.25,14609.5,14609.5,558470.0
2022-02-16,14588.0,14668.5,14381.0,14600.0,14600.0,594300.0
2022-02-17,14592.25,14619.5,14131.5,14164.75,14164.75,631080.0
2022-02-18,14156.25,14299.0,13906.25,13996.0,13996.0,760910.0
2022-02-22,13952.75,14157.5,13580.25,13862.75,13862.75,1110000.0
2022-02-23,13928.25,14068.75,13471.25,13507.5,13507.5,713190.0
2022-02-24,13484.25,13983.25,13025.75,13966.5,13966.5,1120000.0
2022-02-25,13909.5,14196.25,13760.25,14180.5,14180.5,785000.0
2022-02-28,13900.25,14292.25,13683.0,14228.0,14228.0,753710.0
2022-03-01,14219.25,14327.75,13900.0,14005.5,14005.5,645170.0
2022-03-02,14026.25,14290.0,13911.5,14239.25,14239.25,629020.0
2022-03-03,14196.5,14391.0,13955.0,14030.5,14030.5,596930.0
2022-03-04,14069.25,14086.5,13733.75,13839.75,13839.75,725770.0
2022-03-07,13763.5,13879.75,13265.0,13320.75,13320.75,717850.0
2022-03-08,13283.0,13666.0,13103.25,13267.0,13267.0,841410.0
2022-03-09,13192.25,13821.75,13189.75,13734.75,13734.75,650830.0
2022-03-10,13778.0,13778.0,13396.25,13586.0,13586.0,611080.0
2022-03-11,13577.25,13860.75,13281.75,13292.0,13292.0,439890.0
2022-03-14,13362.0,13447.5,13015.5,13045.5,13045.5,402610.0
2022-03-15,13082.0,13489.0,12944.0,13451.75,13451.75,284960.0
2022-03-16,13451.75,14029.25,13420.5,13953.0,13953.0,274500.0
2022-03-17,13999.0,14136.25,13822.75,14111.75,14111.75,125160.0
2022-03-21,14404.0,14466.75,14183.75,14370.5,14370.5,589630.0
2022-03-22,14390.0,14690.75,14293.5,14654.0,14654.0,509920.0
2022-03-23,14654.0,14682.25,14441.0,14447.0,14447.0,555130.0
2022-03-24,14462.75,14769.75,14433.5,14763.75,14763.75,512270.0
2022-03-25,14765.0,14840.5,14572.5,14755.75,14755.75,553930.0
2022-03-28,14756.0,14997.0,14658.75,14985.25,14985.25,532130.0
2022-03-29,14981.0,15268.75,14956.5,15237.75,15237.75,552950.0
2022-03-30,15222.0,15262.25,15012.25,15071.5,15071.5,513520.0
2022-03-31,15100.5,15180.75,14855.5,14868.75,14868.75,560790.0
2022-04-01,14918.75,14960.0,14725.0,14863.75,14863.75,539030.0
2022-04-04,14846.0,15174.5,14801.0,15164.25,15164.25,460170.0
2022-04-05,15155.5,15198.0,14780.25,14828.0,14828.0,563200.0
2022-04-06,14861.0,14861.25,14394.75,14505.25,14505.25,783210.0
2022-04-07,14496.25,14633.75,14317.0,14536.0,14536.0,645740.0
2022-04-08,14536.25,14642.25,14310.5,14327.0,14327.0,640160.0
2022-04-11,14345.0,14382.0,13984.75,14000.0,14000.0,577480.0
2022-04-12,14006.25,14284.25,13881.25,13945.0,13945.0,704350.0
2022-04-13,13952.75,14266.5,13921.0,14221.5,14221.5,530160.0
2022-04-14,14211.5,14296.25,13876.5,13893.75,13893.75,548400.0
2022-04-18,13892.0,14002.5,13729.5,13907.75,13907.75,492100.0
2022-04-19,13962.75,14242.0,13828.0,14217.25,14217.25,556360.0
2022-04-20,14104.75,14298.0,13956.5,14004.75,14004.75,604340.0
2022-04-21,14070.0,14283.0,13667.5,13728.25,13728.25,685790.0
2022-04-22,13720.0,13781.0,13297.0,13353.5,13353.5,732260.0
2022-04-25,13334.25,13549.75,13184.0,13535.75,13535.75,749650.0
2022-04-26,13523.5,13583.75,12801.5,13016.0,13016.0,755330.0
2022-04-27,12881.0,13255.25,12878.25,13009.0,13009.0,817200.0
2022-04-28,13191.0,13542.0,13033.0,13454.75,13454.75,756360.0
2022-04-29,13219.5,13433.0,12831.75,12852.0,12852.0,723390.0
2022-05-02,12892.25,13084.5,12709.75,13073.0,13073.0,763820.0
2022-05-03,13051.75,13183.75,12968.5,13087.5,13087.5,662220.0
2022-05-04,13121.0,13555.25,12883.0,13531.25,13531.25,703190.0
2022-05-05,13500.25,13548.0,12705.25,12858.0,12858.0,877800.0
2022-05-06,12883.25,12928.75,12519.0,12695.75,12695.75,852230.0
2022-05-09,12605.0,12637.25,12135.25,12193.75,12193.75,816030.0
2022-05-10,12206.0,12547.0,12102.25,12349.0,12349.0,853860.0
2022-05-11,12328.75,12553.25,11938.5,11969.75,11969.75,865890.0
2022-05-12,12004.5,12132.75,11689.0,11947.25,11947.25,878240.0
2022-05-13,11891.5,12432.0,11891.5,12382.75,12382.75,663520.0
2022-05-16,12409.0,12498.75,12190.25,12244.75,12244.75,623720.0
2022-05-17,12235.5,12578.0,12234.0,12560.25,12560.25,653220.0
2022-05-18,12572.0,12594.0,11862.75,11935.5,11935.5,735390.0
2022-05-19,11907.0,12076.75,11704.0,11878.25,11878.25,827740.0
2022-05-20,11898.0,12096.75,11491.25,11840.75,11840.75,806780.0
2022-05-23,11866.0,12075.5,11783.75,12035.25,12035.25,660210.0
2022-05-24,11915.0,11918.0,11576.25,11771.0,11771.0,717430.0
2022-05-25,11808.0,12036.0,11672.0,11942.25,11942.25,671100.0
2022-05-26,11887.5,12343.0,11848.25,12279.25,12279.25,611880.0
2022-05-27,12250.0,12720.25,12222.0,12677.75,12677.75,615990.0
2022-05-31,12705.25,12883.0,12480.0,12646.5,12646.5,832390.0
2022-06-01,12662.5,12823.5,12454.75,12551.0,12551.0,682210.0
2022-06-02,12549.75,12903.75,12442.5,12893.75,12893.75,620010.0
2022-06-03,12896.0,12945.25,12503.0,12551.0,12551.0,652960.0
2022-06-06,12549.75,12810.0,12527.0,12605.0,12605.0,536940.0
2022-06-07,12605.25,12740.25,12412.5,12711.5,12711.5,577970.0
2022-06-08,12680.5,12783.0,12579.25,12615.75,12615.75,583650.0
2022-06-09,12625.0,12726.0,12255.25,12275.0,12275.0,690160.0
2022-06-10,12301.5,12338.75,11823.0,11840.0,11840.0,617400.0
2022-06-13,11768.0,11772.5,11254.5,11296.5,11296.5,530220.0
2022-06-14,11334.25,11505.5,11205.0,11314.25,11314.25,378130.0
2022-06-15,11329.75,11759.25,11327.75,11593.75,11593.75,265810.0
2022-06-16,11608.5,11737.75,11036.75,11124.75,11124.75,146540.0
2022-06-17,11178.5,11290.0,11130.25,11130.5,11130.5,14060.0
2022-06-21,11332.5,11678.25,11273.75,11577.25,11577.25,657210.0
2022-06-22,11579.75,11745.75,11320.5,11565.75,11565.75,638960.0
2022-06-23,11542.75,11766.75,11460.5,11737.5,11737.5,630130.0
2022-06-24,11687.75,12148.5,11684.75,12140.5,12140.5,563300.0
2022-06-27,12137.5,12262.0,11994.25,12040.5,12040.5,565800.0
2022-06-28,12076.25,12174.25,11661.5,11674.25,11674.25,634690.0
2022-06-29,11680.5,11749.0,11564.5,11691.0,11691.0,590170.0
2022-06-30,11691.5,11696.75,11351.0,11529.5,11529.5,738070.0
2022-07-01,11507.5,11629.75,11381.75,11611.25,11611.25,605400.0
2022-07-05,11606.0,11815.75,11389.25,11808.5,11808.5,790940.0
2022-07-06,11820.25,11974.25,11727.75,11880.25,11880.25,649910.0
2022-07-07,11901.25,12168.5,11836.5,12138.5,12138.5,550460.0
2022-07-08,12115.0,12211.0,11952.5,12152.0,12152.0,640450.0
2022-07-11,12149.75,12149.75,11853.0,11884.25,11884.25,578340.0
2022-07-12,11900.5,12025.5,11712.0,11779.0,11779.0,607950.0
2022-07-13,11780.0,11970.0,11479.25,11762.25,11762.25,732270.0
2022-07-14,11729.5,11835.0,11511.25,11797.5,11797.5,654560.0
2022-07-15,11810.5,12021.5,11740.25,12007.5,12007.5,560980.0
2022-07-18,12043.5,12186.5,11857.0,11907.0,11907.0,553680.0
2022-07-19,11909.5,12328.5,11889.5,12274.0,12274.0,585590.0
2022-07-20,12330.5,12517.5,12235.75,12465.25,12465.25,643610.0
2022-07-21,12440.0,12655.25,12373.5,12640.0,12640.0,605070.0
2022-07-22,12559.25,12698.5,12343.75,12423.5,12423.5,634550.0
2022-07-25,12444.5,12498.5,12266.5,12354.5,12354.5,491610.0
2022-07-26,12311.25,12334.0,12072.0,12112.5,12112.5,536290.0
2022-07-27,12192.0,12690.0,12191.75,12619.0,12619.0,634890.0
2022-07-28,12580.0,12948.0,12449.0,12737.5,12737.5,645260.0
2022-07-29,12920.25,13012.0,12744.25,12971.5,12971.5,592420.0
2022-08-01,12981.0,13108.75,12851.75,12962.5,12962.5,622510.0
2022-08-02,12974.25,13097.0,12814.75,12924.5,12924.5,674560.0
2022-08-03,12921.0,13310.25,12867.25,13271.5,13271.5,690060.0
2022-08-04,13247.0,13356.0,13184.75,13327.0,13327.0,542680.0
2022-08-05,13327.25,13384.5,13085.0,13228.75,13228.75,687790.0
2022-08-08,13227.75,13419.25,13120.5,13183.25,13183.25,597180.0
2022-08-09,13206.25,13233.75,12963.25,13031.5,13031.5,553700.0
2022-08-10,13050.0,13408.0,12982.0,13392.0,13392.0,602070.0
2022-08-11,13380.5,13575.0,13285.0,13311.25,13311.25,614820.0
2022-08-12,13344.25,13583.25,13312.0,13577.75,13577.75,500650.0
2022-08-15,13571.5,13706.0,13495.25,13681.25,13681.25,463770.0
2022-08-16,13674.75,13740.75,13522.75,13658.25,13658.25,555980.0
2022-08-17,13658.0,13672.0,13406.25,13493.25,13493.25,610670.0
2022-08-18,13503.0,13575.5,13410.75,13523.25,13523.25,530510.0
2022-08-19,13534.25,13534.5,13228.75,13268.5,13268.5,618760.0
2022-08-22,13226.5,13226.5,12874.5,12909.75,12909.75,599950.0
2022-08-23,12933.75,13018.5,12823.5,12896.5,12896.5,570280.0
2022-08-24,12892.0,13011.25,12825.75,12929.75,12929.75,503230.0
2022-08-25,12944.0,13161.5,12925.0,13156.0,13156.0,543670.0
2022-08-26,13153.75,13220.0,12557.5,12620.5,12620.5,753860.0
2022-08-29,12485.0,12610.25,12401.5,12492.75,12492.75,693090.0
2022-08-30,12503.5,12658.25,12247.5,12358.75,12358.75,797460.0
2022-08-31,12366.0,12513.0,12276.25,12285.25,12285.25,672070.0
2022-09-01,12284.75,12299.5,12017.75,12292.25,12292.25,820610.0
2022-09-02,12297.75,12461.5,12040.25,12104.25,12104.25,835870.0
2022-09-06,12110.5,12244.5,11930.0,12019.0,12019.0,895450.0
2022-09-07,12019.75,12306.25,11921.5,12263.25,12263.25,677160.0
2022-09-08,12267.75,12379.5,12115.75,12321.75,12321.75,737020.0
2022-09-09,12345.25,12613.75,12329.5,12592.5,12592.5,535980.0
2022-09-12,12626.0,12773.75,12573.25,12740.75,12740.75,444260.0
2022-09-13,12769.5,12889.0,12003.25,12036.5,12036.5,463840.0
2022-09-14,12050.25,12173.0,12001.75,12142.0,12142.0,270230.0
2022-09-15,12159.0,12187.75,11866.5,11934.75,11934.75,169930.0
2022-09-16,11880.0,11880.0,11750.5,11814.5,11814.5,10330.0
2022-09-19,11920.0,12066.25,11792.25,12024.0,12024.0,632660.0
2022-09-20,12045.75,12092.5,11828.25,11922.25,11922.25,704880.0
2022-09-21,11946.0,12140.5,11647.5,11710.0,11710.0,822970.0
2022-09-22,11661.25,11796.0,11510.0,11565.5,11565.5,786180.0
2022-09-23,11583.75,11600.25,11229.0,11376.75,11376.75,799380.0
2022-09-26,11362.5,11537.75,11256.5,11316.25,11316.25,809850.0
2022-09-27,11315.5,11568.25,11233.5,11333.75,11333.75,841070.0
2022-09-28,11361.0,11613.5,11141.5,11555.75,11555.75,897740.0
2022-09-29,11544.0,11567.25,11091.5,11228.25,11228.25,891820.0
2022-09-30,11220.0,11357.25,11024.25,11035.5,11035.5,878170.0
2022-10-03,11030.0,11358.25,10890.75,11285.75,11285.75,757580.0
2022-10-04,11314.5,11675.0,11281.5,11640.75,11640.75,772890.0
2022-10-05,11630.25,11711.0,11366.5,11623.75,11623.75,700890.0
2022-10-06,11628.0,11729.75,11505.25,11541.75,11541.75,773910.0
2022-10-07,11494.5,11564.5,11043.25,11101.5,11101.5,759140.0
2022-10-10,11067.75,11136.5,10876.75,10984.5,10984.5,757730.0
2022-10-11,10987.0,11039.5,10767.25,10845.0,10845.0,833910.0
2022-10-12,10875.0,10976.75,10805.5,10840.5,10840.5,731210.0
2022-10-13,10859.0,11142.75,10484.75,11083.75,11083.75,1050000.0
2022-10-14,11064.75,11253.5,10726.75,10744.0,10744.0,843530.0
2022-10-17,10720.0,11146.25,10713.0,11110.25,11110.25,638720.0
2022-10-18,11161.25,11431.75,11081.5,11198.75,11198.75,832220.0
2022-10-19,11320.25,11382.75,11049.0,11153.25,11153.25,733780.0
2022-10-20,11134.0,11328.75,11008.0,11090.75,11090.75,739670.0
2022-10-21,11061.25,11386.25,10935.5,11358.5,11358.5,840950.0
2022-10-24,11393.75,11530.25,11207.75,11478.75,11478.75,715020.0
2022-10-25,11453.75,11734.0,11430.25,11713.5,11713.5,660210.0
2022-10-26,11510.0,11703.5,11415.0,11446.0,11446.0,784640.0
2022-10-27,11417.75,11537.5,10921.5,11235.25,11235.25,769070.0
2022-10-28,11122.75,11626.0,11062.0,11587.0,11587.0,728260.0
2022-10-31,11592.5,11595.0,11367.25,11447.25,11447.25,607680.0
2022-11-01,11455.0,11619.0,11288.75,11332.0,11332.0,605360.0
2022-11-02,11320.25,11460.0,10909.0,10944.5,10944.5,770980.0
2022-11-03,10938.0,10996.0,10708.0,10728.0,10728.0,705050.0
2022-11-04,10712.0,10974.25,10636.0,10890.25,10890.25,881130.0
2022-11-07,10786.5,11038.5,10751.0,11014.25,11014.25,554690.0
2022-11-08,11016.0,11231.25,10928.75,11094.25,11094.25,728870.0
2022-11-09,11089.25,11164.25,10822.25,10830.75,10830.75,669070.0
2022-11-10,10841.0,11677.0,10808.0,11632.25,11632.25,862150.0
2022-11-11,11669.75,11876.75,11569.25,11848.0,11848.0,682260.0
2022-11-14,11791.0,11898.5,11702.0,11734.75,11734.75,576680.0
2022-11-15,11768.5,12118.75,11761.75,11904.25,11904.25,771820.0
2022-11-16,11882.0,11963.0,11706.5,11739.5,11739.5,577860.0
2022-11-17,11777.75,11827.5,11528.25,11710.5,11710.5,658470.0
2022-11-18,11747.75,11843.0,11607.0,11708.0,11708.0,585870.0
2022-11-21,11723.0,11756.0,11553.0,11588.0,11588.0,477970.0
2022-11-22,11588.0,11759.25,11526.5,11754.5,11754.5,531090.0
2022-11-23,11741.5,11892.75,11720.0,11862.75,11862.75,474650.0
2022-11-25,11878.0,11933.0,11766.25,11782.75,11782.75,252370.0
2022-11-28,11731.25,11788.5,11575.25,11616.25,11616.25,506250.0
2022-11-29,11625.0,11704.5,11465.0,11524.75,11524.75,555860.0
2022-11-30,11520.0,12078.5,11497.75,12042.25,12042.25,769080.0
2022-12-01,12079.25,12145.0,11943.25,12062.75,12062.75,629300.0
2022-12-02,12039.75,12067.75,11740.5,12010.25,12010.25,588300.0
2022-12-05,12000.5,12015.75,11745.5,11805.75,11805.75,537920.0
2022-12-06,11812.0,11846.25,11502.0,11566.0,11566.0,657270.0
2022-12-07,11566.0,11596.25,11422.5,11509.5,11509.5,634690.0
2022-12-08,11500.0,11685.75,11433.0,11645.5,11645.5,600830.0
2022-12-09,11641.5,11748.0,11517.0,11569.75,11569.75,504050.0
2022-12-12,11553.0,11716.0,11522.75,11711.75,11711.75,354890.0
2022-12-13,11691.25,12229.5,11680.5,11839.75,11839.75,407610.0
2022-12-14,11839.0,11948.5,11613.75,11750.75,11750.75,197120.0
2022-12-15,11758.75,11779.5,11298.25,11347.25,11347.25,182840.0
2022-12-16,11340.25,11381.25,11206.5,11327.0,11327.0,9630.0
2022-12-19,11328.75,11411.0,11131.75,11193.25,11193.25,562530.0
2022-12-20,11182.5,11247.0,11043.5,11175.75,11175.75,625090.0
2022-12-21,11206.5,11389.75,11181.0,11334.5,11334.5,631320.0
2022-12-22,11357.0,11384.75,10870.5,11054.25,11054.25,714500.0
2022-12-23,11061.0,11143.0,10916.25,11075.25,11075.25,534530.0
2022-12-27,11104.0,11183.75,10896.0,10915.5,10915.5,499800.0
2022-12-28,10915.75,10996.5,10758.75,10772.75,10772.75,635570.0
2022-12-29,10785.75,11071.5,10777.5,11032.75,11032.75,470000.0
2022-12-30,11033.5,11051.5,10855.5,11022.25,11022.25,462480.0
2023-01-03,11122.5,11182.0,10844.75,10945.5,10945.5,657680.0
2023-01-04,10941.25,11068.5,10863.5,10999.25,10999.25,758000.0
2023-01-05,10988.5,11046.75,10805.0,10820.25,10820.25,694450.0
2023-01-06,10838.75,11165.75,10751.0,11113.5,11113.5,736330.0
2023-01-09,11126.5,11385.5,11120.25,11185.5,11185.5,646320.0
2023-01-10,11184.75,11288.75,11094.0,11282.0,11282.0,559280.0
2023-01-11,11282.5,11479.5,11239.75,11476.5,11476.5,500150.0
2023-01-12,11474.5,11579.75,11291.0,11534.25,11534.25,754570.0
2023-01-13,11528.5,11619.5,11389.0,11608.0,11608.0,482000.0
2023-01-17,11613.5,11685.0,11510.25,11624.5,11624.5,576140.0
2023-01-18,11619.75,11759.5,11468.0,11475.75,11475.75,619610.0
2023-01-19,11470.5,11487.0,11308.5,11356.5,11356.5,594770.0
2023-01-20,11401.0,11686.75,11365.25,11677.0,11677.0,577770.0
2023-01-23,11676.75,11983.0,11650.5,11934.0,11934.0,593980.0
2023-01-24,11933.0,12010.5,11835.75,11909.5,11909.5,511370.0
2023-01-25,11970.5,11976.5,11604.5,11873.25,11873.25,633470.0
2023-01-26,11874.75,12113.0,11867.25,12106.75,12106.75,621430.0
2023-01-27,12049.0,12308.5,12016.0,12222.25,12222.25,588070.0
2023-01-30,12212.5,12252.0,11960.0,11968.0,11968.0,634670.0
2023-01-31,11984.0,12156.0,11871.0,12152.0,12152.0,585200.0
2023-02-01,12116.0,12524.5,12055.25,12414.25,12414.25,668520.0
2023-02-02,12520.0,12949.75,12501.75,12846.75,12846.75,817820.0
2023-02-03,12748.25,12878.0,12551.25,12624.0,12624.0,824210.0
2023-02-06,12572.0,12608.5,12455.75,12515.5,12515.5,535150.0
2023-02-07,12513.0,12818.5,12459.25,12776.75,12776.75,745000.0
2023-02-08,12747.0,12808.5,12512.75,12545.25,12545.25,590360.0
2023-02-09,12555.0,12728.5,12366.5,12425.5,12425.5,612400.0
2023-02-10,12448.75,12451.5,12243.25,12346.25,12346.25,600240.0
2023-02-13,12357.5,12567.0,12265.25,12540.5,12540.5,467840.0
2023-02-14,12547.25,12687.0,12390.5,12631.0,12631.0,719200.0
2023-02-15,12620.75,12756.5,12524.25,12730.0,12730.0,568580.0
2023-02-16,12740.0,12792.75,12455.25,12482.5,12482.5,682330.0
2023-02-17,12462.5,12466.25,12265.75,12390.0,12390.0,629360.0
2023-02-21,12380.0,12417.75,12090.25,12096.75,12096.75,609490.0
2023-02-22,12108.0,12190.5,12034.0,12097.5,12097.5,640710.0
2023-02-23,12176.25,12261.0,12028.5,12207.5,12207.5,640960.0
2023-02-24,12190.0,12214.5,11923.0,11997.0,11997.0,643620.0
2023-02-27,12003.0,12189.5,11990.0,12083.25,12083.25,578950.0
2023-02-28,12093.5,12172.75,12025.75,12072.25,12072.25,646030.0
2023-03-01,12041.25,12141.75,11924.75,11961.75,11961.75,759650.0
2023-03-02,11967.0,12096.25,11832.5,12062.0,12062.0,752010.0
2023-03-03,12049.0,12329.0,12012.0,12311.25,12311.25,675470.0
2023-03-06,12306.25,12486.25,12276.25,12323.5,12323.5,612510.0
2023-03-07,12320.25,12381.25,12142.25,12169.0,12169.0,685010.0
2023-03-08,12170.0,12254.5,12108.25,12228.25,12228.25,633420.0
2023-03-09,12231.0,12353.5,11977.5,12007.25,12007.25,816840.0
2023-03-10,12005.0,12109.0,11795.0,11840.25,11840.25,871210.0
2023-03-13,11894.75,12095.75,11674.25,11931.75,11931.75,694440.0
2023-03-14,11960.0,12223.0,11921.75,12207.0,12207.0,364400.0
2023-03-15,12200.75,12280.0,11972.0,12247.75,12247.75,261339.99999999997
2023-03-16,12264.5,12600.5,12189.25,12583.0,12583.0,181750.0
2023-03-17,12575.75,12636.5,12531.75,12594.75,12594.75,8150.0
2023-03-20,12690.0,12750.0,12525.25,12688.5,12688.5,694470.0
2023-03-21,12699.75,12898.25,12676.5,12867.25,12867.25,565860.0
2023-03-22,12873.25,13082.0,12678.0,12707.0,12707.0,713080.0
2023-03-23,12695.0,13031.0,12694.25,12854.0,12854.0,838390.0
2023-03-24,12871.5,12924.75,12728.0,12890.25,12890.25,676550.0
2023-03-27,12916.0,12984.5,12765.5,12788.5,12788.5,562630.0
2023-03-28,12810.5,12833.5,12634.25,12732.5,12732.5,537970.0
2023-03-29,12745.5,12994.0,12742.0,12965.0,12965.0,566320.0
2023-03-30,12962.5,13111.75,12931.5,13082.0,13082.0,583150.0
2023-03-31,13084.25,13311.5,13057.5,13301.75,13301.75,624960.0
2023-04-03,13262.0,13278.75,13154.0,13270.0,13270.0,542900.0
2023-04-04,13259.0,13348.75,13168.25,13219.0,13219.0,577030.0
2023-04-05,13230.0,13247.25,13006.0,13079.75,13079.75,594610.0
2023-04-06,13072.75,13191.0,12953.25,13170.75,13170.75,598220.0
2023-04-10,13179.75,13203.25,12967.5,13158.0,13158.0,553000.0
2023-04-11,13163.25,13208.75,13053.5,13074.75,13074.75,549050.0
2023-04-12,13073.75,13241.75,12937.75,12952.25,12952.25,684780.0
2023-04-13,12957.0,13228.0,12925.5,13209.75,13209.75,558230.0
2023-04-14,13183.0,13255.0,13058.0,13181.25,13181.25,627820.0
2023-04-17,13212.5,13218.0,13076.75,13186.5,13186.5,540740.0
2023-04-18,13184.0,13298.75,13138.0,13193.0,13193.0,576670.0
2023-04-19,13170.5,13226.75,13065.0,13183.0,13183.0,529510.0
2023-04-20,13162.0,13200.0,13021.75,13074.25,13074.25,680300.0
2023-04-21,13089.0,13122.0,12982.5,13090.5,13090.5,593980.0
2023-04-24,13070.0,13134.0,12967.25,13056.5,13056.5,582290.0
2023-04-25,13050.25,13059.5,12800.0,12809.5,12809.5,694270.0
2023-04-26,12940.0,13012.25,12863.75,12887.75,12887.75,755120.0
2023-04-27,12965.0,13333.0,12936.0,13231.25,13231.25,728240.0
2023-04-28,13215.0,13336.0,13169.0,13320.25,13320.25,671060.0
2023-05-01,13317.0,13370.25,13258.75,13306.75,13306.75,487910.0
2023-05-02,13290.0,13334.75,13110.25,13184.5,13184.5,664860.0
2023-05-03,13162.0,13314.0,13080.0,13100.75,13100.75,648750.0
2023-05-04,13064.0,13173.0,13001.75,13043.75,13043.75,656440.0
2023-05-05,13060.0,13359.0,13055.75,13317.75,13317.75,573290.0
2023-05-08,13316.0,13368.0,13254.5,13352.25,13352.25,506050.0
2023-05-09,13338.5,13347.0,13250.5,13264.75,13264.75,552250.0
2023-05-10,13258.75,13446.75,13202.75,13409.5,13409.5,839700.0
2023-05-11,13410.0,13470.25,13361.5,13446.5,13446.5,653400.0
2023-05-12,13446.0,13494.25,13310.5,13396.25,13396.25,628040.0
2023-05-15,13378.75,13480.0,13350.0,13468.0,13468.0,495940.0
2023-05-16,13461.0,13554.5,13426.25,13483.25,13483.25,561830.0
2023-05-17,13498.5,13669.0,13474.25,13643.5,13643.5,621140.0
2023-05-18,13640.5,13913.0,13628.25,13894.0,13894.0,749500.0
2023-05-19,13908.5,13960.25,13814.25,13858.0,13858.0,659820.0
2023-05-22,13805.5,13946.75,13794.25,13902.5,13902.5,538200.0
2023-05-23,13913.25,13979.25,13710.0,13728.75,13728.75,658680.0
2023-05-24,13729.0,13845.75,13566.5,13650.25,13650.25,704800.0
2023-05-25,13877.0,14031.25,13803.0,13976.5,13976.5,819150.0
2023-05-26,13977.75,14369.0,13924.5,14332.5,14332.5,729050.0
2023-05-30,14437.5,14570.0,14336.75,14396.75,14396.75,882200.0
2023-05-31,14397.25,14429.0,14251.25,14300.5,14300.5,680430.0
2023-06-01,14289.5,14528.25,14248.25,14472.25,14472.25,622330.0
2023-06-02,14494.0,14627.75,14468.25,14575.25,14575.25,623290.0
2023-06-05,14577.0,14694.75,14512.75,14588.75,14588.75,619090.0
2023-06-06,14582.0,14623.75,14504.5,14586.5,14586.5,572810.0
2023-06-07,14594.5,14675.0,14305.5,14331.5,14331.5,770560.0
2023-06-08,14316.0,14526.75,14256.75,14503.0,14503.0,631770.0
2023-06-09,14517.0,14687.5,14460.25,14556.25,14556.25,581390.0
2023-06-12,14560.25,14827.0,14554.25,14800.5,14800.5,397390.0
2023-06-13,14824.0,14967.75,14779.5,14914.25,14914.25,347120.0
2023-06-14,14925.0,15061.5,14793.0,15012.75,15012.75,204100.0
2023-06-15,15038.0,15252.0,14878.0,15188.0,15188.0,139780.0
2023-06-16,15181.25,15324.0,15130.5,15316.5,15316.5,10200.0
2023-06-20,15303.25,15322.5,15126.5,15256.5,15256.5,652880.0
2023-06-21,15247.5,15273.25,15002.25,15044.0,15044.0,640700.0
2023-06-22,15038.75,15238.0,14964.0,15214.75,15214.75,611020.0
2023-06-23,15236.0,15236.0,14985.25,15058.25,15058.25,620590.0
2023-06-26,15057.75,15152.5,14853.5,14856.5,14856.5,649990.0
2023-06-27,14875.0,15139.25,14862.25,15111.5,15111.5,569200.0
2023-06-28,15088.25,15219.0,15021.25,15130.0,15130.0,662150.0
2023-06-29,15161.0,15202.75,15028.5,15100.25,15100.25,594130.0
2023-06-30,15106.0,15376.75,15099.0,15337.0,15337.0,529460.0
2023-07-03,15331.0,15392.0,15308.0,15364.75,15364.75,265060.0
2023-07-05,15357.0,15432.0,15255.25,15360.75,15360.75,519860.0
2023-07-06,15353.75,15366.0,15111.5,15238.0,15238.0,574680.0
2023-07-07,15211.75,15359.75,15172.25,15181.75,15181.75,555120.0
2023-07-10,15198.5,15218.25,15063.25,15187.0,15187.0,609950.0
2023-07-11,15195.75,15278.75,15109.5,15260.0,15260.0,552640.0
2023-07-12,15258.0,15507.75,15254.5,15444.75,15444.75,649430.0
2023-07-13,15457.75,15741.25,15456.5,15711.5,15711.5,563940.0
2023-07-14,15699.0,15857.25,15663.0,15694.25,15694.25,629940.0
2023-07-17,15690.0,15882.75,15661.5,15840.75,15840.75,522130.0
2023-07-18,15832.0,16029.75,15733.0,15974.75,15974.75,633270.0
2023-07-19,15949.25,16062.75,15911.25,15959.25,15959.25,682280.0
2023-07-20,15922.75,15925.75,15547.0,15592.25,15592.25,810480.0
2023-07-21,15590.75,15719.25,15522.25,15540.0,15540.0,704410.0
2023-07-24,15556.0,15618.75,15483.75,15561.25,15561.25,561880.0
2023-07-25,15570.0,15736.25,15549.25,15673.0,15673.0,554880.0
2023-07-26,15730.25,15739.25,15515.0,15610.75,15610.75,683830.0
2023-07-27,15638.75,15904.0,15511.25,15571.0,15571.0,846440.0
2023-07-28,15580.0,15896.0,15546.25,15847.5,15847.5,689390.0
2023-07-31,15850.0,15917.0,15791.25,15857.5,15857.5,523900.0
2023-08-01,15869.25,15889.25,15728.25,15817.25,15817.25,529660.0
2023-08-02,15757.0,15789.75,15414.0,15473.0,15473.0,773500.0
2023-08-03,15455.75,15551.75,15339.5,15438.75,15438.75,658840.0
2023-08-04,15441.0,15610.25,15336.5,15354.0,15354.0,773230.0
2023-08-07,15370.5,15495.5,15334.25,15485.5,15485.5,578300.0
2023-08-08,15495.0,15497.75,15218.0,15354.25,15354.25,638810.0
2023-08-09,15351.75,15432.5,15146.5,15178.25,15178.25,652730.0
2023-08-10,15202.5,15442.25,15136.0,15201.25,15201.25,807100.0
2023-08-11,15219.0,15266.75,15037.25,15095.75,15095.75,613960.0
2023-08-14,15104.0,15282.0,15020.75,15270.25,15270.25,554630.0
2023-08-15,15279.0,15335.0,15074.75,15106.5,15106.5,593600.0
2023-08-16,15110.75,15166.0,14921.5,14942.25,14942.25,641610.0
2023-08-17,14940.25,15018.25,14738.25,14778.0,14778.0,681400.0
2023-08-18,14748.0,14802.75,14609.25,14744.0,14744.0,731240.0
2023-08-21,14762.5,15013.75,14720.5,14985.75,14985.75,641690.0
2023-08-22,14974.5,15118.25,14932.0,14958.5,14958.5,623730.0
2023-08-23,14959.75,15356.75,14957.25,15195.5,15195.5,606170.0
2023-08-24,15333.0,15418.0,14817.0,14862.0,14862.0,847310.0
2023-08-25,14833.0,15048.75,14751.75,14979.25,14979.25,823890.0
2023-08-28,14991.0,15126.5,14973.5,15092.5,15092.5,586340.0
2023-08-29,15098.75,15430.5,15049.75,15415.75,15415.75,616220.0
2023-08-30,15427.5,15522.75,15361.5,15501.25,15501.25,590190.0
2023-08-31,15513.75,15606.75,15460.0,15538.5,15538.5,584740.0
2023-09-01,15534.0,15661.25,15454.0,15516.25,15516.25,572690.0
2023-09-05,15517.0,15586.75,15418.25,15534.5,15534.5,604890.0
2023-09-06,15511.25,15533.0,15310.5,15399.5,15399.5,596500.0
2023-09-07,15385.0,15395.75,15157.5,15282.25,15282.25,644890.0
2023-09-08,15286.25,15390.75,15223.0,15297.5,15297.5,598480.0
2023-09-11,15308.0,15497.5,15298.0,15475.75,15475.75,411390.0
2023-09-12,15466.5,15480.75,15288.75,15304.75,15304.75,253050.0
2023-09-13,15308.5,15424.25,15212.75,15356.25,15356.25,190170.0
2023-09-14,15372.75,15517.75,15337.25,15478.0,15478.0,110440.0
2023-09-15,15480.25,15524.0,15401.25,15435.25,15435.25,9270.0
2023-09-18,15382.25,15461.0,15330.5,15414.5,15414.5,509750.0
2023-09-19,15424.25,15442.25,15248.5,15375.25,15375.25,552070.0
2023-09-20,15375.25,15436.25,15127.0,15152.0,15152.0,605260.0
2023-09-21,15133.25,15149.0,14841.0,14862.75,14862.75,702740.0
2023-09-22,14854.5,15027.5,14836.25,14869.5,14869.5,624060.0
2023-09-25,14880.25,14955.75,14782.25,14935.25,14935.25,568860.0
2023-09-26,14949.0,14949.0,14666.25,14715.0,14715.0,667620.0
2023-09-27,14725.25,14821.5,14586.0,14739.0,14739.0,716200.0
2023-09-28,14772.5,14947.5,14658.0,14859.75,14859.75,734470.0
2023-09-29,14876.5,15060.75,14811.0,14866.5,14866.5,745540.0
2023-10-02,14965.0,15046.0,14826.0,14984.75,14984.75,762900.0
2023-10-03,14989.5,15031.0,14651.5,14714.5,14714.5,762960.0
2023-10-04,14713.75,14956.0,14589.0,14923.75,14923.75,803260.0
2023-10-05,14903.0,14958.75,14716.25,14861.75,14861.75,676460.0
2023-10-06,14853.75,15160.25,14660.0,15112.0,15112.0,840600.0
2023-10-09,15040.25,15212.75,14949.5,15187.0,15187.0,617070.0
2023-10-10,15196.5,15383.5,15171.75,15270.75,15270.75,648610.0
2023-10-11,15282.25,15416.75,15253.0,15380.0,15380.0,614970.0
2023-10-12,15407.5,15468.75,15216.25,15315.0,15315.0,747490.0
2023-10-13,15324.0,15366.75,15062.25,15120.25,15120.25,777010.0
2023-10-16,15120.0,15336.75,15083.0,15289.5,15289.5,641290.0
2023-10-17,15305.75,15309.25,15050.25,15240.75,15240.75,781600.0
2023-10-18,15236.5,15238.25,14979.25,15025.25,15025.25,853600.0
2023-10-19,15045.0,15138.25,14839.5,14890.0,14890.0,1020000.0
2023-10-20,14850.0,14887.5,14645.0,14664.0,14664.0,846680.0
2023-10-23,14680.0,14853.75,14514.25,14712.0,14712.0,765730.0
2023-10-24,14744.0,14948.75,14706.0,14846.5,14846.5,703060.0
2023-10-25,14828.0,14855.0,14444.0,14478.25,14478.25,820680.0
2023-10-26,14425.0,14459.0,14140.25,14194.0,14194.0,987600.0
2023-10-27,14248.25,14407.75,14209.75,14265.25,14265.25,782100.0
2023-10-30,14336.0,14476.5,14303.0,14416.5,14416.5,704860.0
2023-10-31,14410.5,14503.75,14311.25,14490.25,14490.25,712610.0
2023-11-01,14460.0,14762.0,14410.75,14744.5,14744.5,741820.0
2023-11-02,14761.25,15017.25,14760.0,14998.0,14998.0,652480.0
2023-11-03,14928.0,15228.5,14925.5,15178.75,15178.75,633840.0
2023-11-06,15187.0,15257.5,15138.0,15232.5,15232.5,496130.0
2023-11-07,15215.0,15412.25,15176.0,15374.25,15374.25,585120.0
2023-11-08,15373.0,15417.5,15286.75,15386.5,15386.5,547840.0
2023-11-09,15356.25,15453.75,15236.75,15256.0,15256.0,710430.0
2023-11-10,15254.75,15612.75,15207.25,15596.25,15596.25,679630.0
2023-11-13,15586.25,15601.25,15465.25,15547.0,15547.0,532940.0
2023-11-14,15558.0,15918.75,15552.0,15879.75,15879.75,656100.0
2023-11-15,15895.0,16049.5,15832.25,15889.25,15889.25,685070.0
2023-11-16,15846.75,15906.75,15796.75,15897.5,15897.5,634460.0
2023-11-17,15897.75,15940.0,15825.0,15895.75,15895.75,562420.0
2023-11-20,15895.0,16116.75,15837.25,16086.5,16086.5,559490.0
2023-11-21,16087.5,16122.5,15912.0,15990.25,15990.25,575450.0
2023-11-22,15967.25,16173.5,15942.75,16049.25,16049.25,624550.0
2023-11-24,16036.75,16086.5,15981.75,16021.0,16021.0,296600.0
2023-11-27,16008.0,16089.25,15938.75,16008.75,16008.75,502560.0
2023-11-28,16005.25,16071.5,15945.25,16048.0,16048.0,598220.0
2023-11-29,16055.5,16208.5,16013.5,16023.75,16023.75,634330.0
2023-11-30,16040.25,16098.5,15856.0,15985.5,15985.5,694120.0
2023-12-01,15955.0,16050.0,15864.0,16023.75,16023.75,621710.0
2023-12-04,16022.0,16026.0,15721.25,15869.0,15869.0,721020.0
2023-12-05,15863.25,15961.0,15761.25,15908.75,15908.75,683590.0
2023-12-06,15897.0,16037.75,15802.0,15815.25,15815.25,675480.0
2023-12-07,15814.5,16066.0,15791.0,16038.75,16038.75,632330.0
2023-12-08,16017.5,16118.75,15888.25,16098.25,16098.25,588930.0
2023-12-11,16093.0,16248.0,16045.5,16237.0,16237.0,394180.0
2023-12-12,16240.0,16389.5,16185.25,16362.75,16362.75,253670.0
2023-12-13,16383.0,16593.0,16365.5,16563.75,16563.75,155140.0
2023-12-14,16561.5,16674.5,16418.75,16541.5,16541.5,131880.0
2023-12-15,16532.5,16612.5,16521.5,16530.25,16530.25,12650.0
2023-12-18,16820.25,16974.0,16802.25,16939.75,16939.75,463440.0
2023-12-19,16917.0,17029.5,16910.75,17023.0,17023.0,496520.0
2023-12-20,17024.0,17073.5,16758.5,16766.25,16766.25,654330.0
2023-12-21,16790.25,16970.25,16790.25,16956.5,16956.5,639820.0
2023-12-22,16956.0,17041.5,16891.5,16980.0,16980.0,486850.0
2023-12-26,16964.5,17111.25,16964.5,17083.5,17083.5,292090.0
2023-12-27,17090.25,17133.0,17055.5,17113.25,17113.25,424300.0
2023-12-28,17127.0,17165.25,17077.75,17090.5,17090.5,357700.0
2023-12-29,17090.25,17131.0,16938.25,17023.5,17023.5,470860.0
2024-01-02,17019.0,17038.5,16622.5,16720.0,16720.0,652710.0
2024-01-03,16736.75,16737.25,16522.0,16538.0,16538.0,677220.0
2024-01-04,16545.25,16587.25,16436.0,16445.0,16445.0,559460.0
2024-01-05,16455.0,16577.25,16334.25,16460.25,16460.25,627480.0
2024-01-08,16470.0,16811.25,16378.25,16803.75,16803.75,549900.0
2024-01-09,16788.0,16868.5,16657.75,16830.25,16830.25,605920.0
2024-01-10,16829.5,16983.0,16801.5,16945.25,16945.25,550700.0
2024-01-11,16955.0,17057.0,16753.0,16966.25,16966.25,756440.0
2024-01-12,16957.75,17042.5,16866.5,16969.25,16969.25,593450.0
2024-01-16,16961.75,17033.75,16811.75,16966.5,16966.5,816020.0
2024-01-17,16978.0,16982.0,16689.25,16869.75,16869.75,722780.0
2024-01-18,16854.5,17125.75,16834.25,17110.0,17110.0,852230.0
2024-01-19,17116.0,17471.25,17107.25,17438.5,17438.5,758130.0
2024-01-22,17466.0,17585.0,17434.0,17458.5,17458.5,637250.0
2024-01-23,17461.0,17558.25,17409.5,17531.25,17531.25,508080.0
2024-01-24,17554.0,17793.5,17552.25,17621.0,17621.0,721610.0
2024-01-25,17614.75,17752.0,17542.0,17634.5,17634.5,710820.0
2024-01-26,17571.25,17632.0,17466.0,17527.0,17527.0,631480.0
2024-01-29,17502.0,17716.25,17457.5,17706.0,17706.0,568740.0
2024-01-30,17711.75,17735.75,17467.0,17588.5,17588.5,554150.0
2024-01-31,17415.5,17484.0,17221.5,17242.25,17242.25,816120.0
2024-02-01,17273.25,17646.75,17262.75,17436.75,17436.75,705240.0
2024-02-02,17588.0,17775.5,17465.5,17732.75,17732.75,761170.0
2024-02-05,17696.0,17745.5,17554.25,17700.0,17700.0,621650.0
2024-02-06,17698.5,17769.0,17560.75,17660.0,17660.0,623170.0
2024-02-07,17645.75,17875.5,17629.75,17841.75,17841.75,613340.0
2024-02-08,17856.25,17896.5,17792.25,17868.25,17868.25,471370.0
2024-02-09,17854.25,18071.0,17852.25,18039.25,18039.25,499280.0
2024-02-12,18040.0,18121.5,17911.25,17965.0,17965.0,538130.0
2024-02-13,17928.5,17963.25,17542.0,17676.75,17676.75,858230.0
2024-02-14,17703.0,17887.0,17669.25,17881.0,17881.0,688090.0
2024-02-15,17870.0,17968.25,17780.5,17912.75,17912.75,657770.0
2024-02-16,17952.0,18026.0,17715.0,17744.0,17744.0,744630.0
2024-02-20,17729.25,17807.5,17452.5,17607.25,17607.25,889290.0
2024-02-21,17573.0,17723.0,17372.75,17536.75,17536.75,731450.0
2024-02-22,17702.5,18087.0,17676.0,18047.5,18047.5,759230.0
2024-02-23,18023.25,18144.75,17946.0,17991.0,17991.0,659730.0
2024-02-26,17961.5,18059.5,17922.0,17977.0,17977.0,526170.0
2024-02-27,17951.0,18040.25,17908.75,18021.0,18021.0,567820.0
2024-02-28,18017.5,18019.75,17846.25,17915.25,17915.25,553730.0
2024-02-29,17870.0,18109.5,17826.0,18082.75,18082.75,680150.0
2024-03-01,18075.0,18372.75,18029.5,18338.25,18338.25,639150.0
2024-03-04,18336.0,18377.75,18234.25,18262.0,18262.0,569340.0
2024-03-05,18246.0,18252.0,17832.5,17930.25,17930.25,803860.0
2024-03-06,17981.0,18174.25,17942.5,18044.25,18044.25,806130.0
2024-03-07,18041.0,18360.0,17915.75,18316.25,18316.25,758500.0
2024-03-08,18279.0,18436.5,18012.5,18046.75,18046.75,1050000.0
2024-03-11,18056.0,18068.25,17890.5,17971.0,17971.0,472520.0
2024-03-12,18010.5,18241.75,17930.0,18227.75,18227.75,281270.0
2024-03-13,18218.0,18256.5,18033.25,18078.5,18078.5,179710.0
2024-03-14,18094.25,18177.75,17915.5,18024.5,18024.5,110280.0
2024-03-15,18006.0,18074.75,17831.75,17854.75,17854.75,9840.0
2024-03-18,18073.5,18381.0,18062.25,18231.5,18231.5,656630.0
2024-03-19,18222.0,18289.25,18053.25,18270.0,18270.0,660390.0
2024-03-20,18274.0,18545.0,18227.5,18479.75,18479.75,618810.0
2024-03-21,18539.75,18709.0,18526.75,18561.75,18561.75,606960.0
2024-03-22,18580.5,18626.0,18492.0,18574.75,18574.75,511960.0
2024-03-25,18567.0,18601.25,18414.75,18513.5,18513.5,456250.0
2024-03-26,18531.25,18619.0,18439.25,18449.0,18449.0,516510.0
2024-03-27,18477.5,18571.75,18378.5,18503.75,18503.75,605630.0
2024-03-28,18505.0,18538.75,18447.5,18475.0,18475.0,515190.00000000006
2024-04-01,18503.0,18612.0,18414.5,18497.25,18497.25,572130.0
2024-04-02,18497.25,18511.0,18201.5,18330.0,18330.0,618980.0
2024-04-03,18345.0,18451.75,18232.5,18373.25,18373.25,597990.0
2024-04-04,18388.5,18568.0,18055.25,18076.75,18076.75,777140.0
2024-04-05,18086.25,18408.25,18051.5,18300.75,18300.75,809190.0
2024-04-08,18348.25,18376.0,18237.5,18295.0,18295.0,524200.00000000006
2024-04-09,18314.75,18407.25,18160.75,18359.75,18359.75,696070.0
2024-04-10,18381.0,18474.25,18053.5,18196.75,18196.75,880500.0
2024-04-11,18184.0,18518.75,18088.0,18485.0,18485.0,728800.0
2024-04-12,18486.25,18507.75,18120.25,18179.25,18179.25,787330.0
2024-04-15,18151.0,18350.75,17841.5,17876.25,17876.25,797320.0
2024-04-16,17879.0,17988.0,17792.0,17881.25,17881.25,766360.0
2024-04-17,17897.0,17968.5,17615.25,17658.5,17658.5,844750.0
2024-04-18,17669.75,17770.75,17506.25,17547.25,17547.25,756160.0
2024-04-19,17530.75,17553.25,17113.25,17180.75,17180.75,1020000.0
2024-04-22,17228.25,17448.0,17148.5,17350.0,17350.0,646130.0
2024-04-23,17352.25,17666.0,17286.25,17606.75,17606.75,601830.0
2024-04-24,17682.0,17795.5,17481.75,17664.5,17664.5,667400.0
2024-04-25,17450.0,17827.5,17308.25,17567.5,17567.5,820010.0
2024-04-26,17808.25,17901.5,17668.25,17845.75,17845.75,628230.0
2024-04-29,17864.75,17949.0,17791.25,17904.25,17904.25,528890.0
2024-04-30,17918.5,17920.25,17473.5,17571.25,17571.25,677700.0
2024-05-01,17462.5,17793.25,17399.25,17438.25,17438.25,791170.0
2024-05-02,17487.0,17755.25,17386.25,17649.75,17649.75,635300.0
2024-05-03,17744.25,18050.25,17719.5,18000.75,18000.75,556950.0
2024-05-06,18047.5,18201.25,17983.75,18195.5,18195.5,395490.0
2024-05-07,18189.5,18266.25,18151.0,18199.5,18199.5,469720.0
2024-05-08,18194.0,18242.25,18072.5,18186.5,18186.5,453710.0
2024-05-09,18160.75,18240.25,18103.75,18214.5,18214.5,471200.0
2024-05-10,18226.0,18348.0,18188.5,18255.0,18255.0,473880.0
2024-05-13,18238.0,18336.25,18228.75,18295.5,18295.5,411040.0
2024-05-14,18282.0,18433.0,18165.5,18415.0,18415.0,555370.0
2024-05-15,18409.75,18707.0,18393.0,18691.75,18691.75,605870.0
2024-05-16,18693.25,18760.75,18633.25,18650.0,18650.0,548580.0
2024-05-17,18642.0,18686.75,18545.0,18635.25,18635.25,489230.0
2024-05-20,18633.5,18794.5,18633.0,18763.0,18763.0,470380.0
2024-05-21,18746.0,18808.75,18678.0,18799.25,18799.25,426120.0
2024-05-22,18798.25,18891.0,18684.25,18786.75,18786.75,578440.0
2024-05-23,18860.5,19023.25,18621.5,18696.25,18696.25,851580.0
2024-05-24,18684.0,18926.0,18680.0,18876.0,18876.0,552080.0
2024-05-28,18874.75,18980.5,18819.5,18940.5,18940.5,642950.0
2024-05-29,18949.5,18949.75,18740.0,18802.75,18802.75,573940.0
2024-05-30,18753.0,18787.0,18546.25,18606.5,18606.5,619550.0
2024-05-31,18590.75,18668.25,18241.25,18591.0,18591.0,834000.0
2024-06-03,18590.25,18755.5,18435.75,18646.25,18646.25,669100.0
2024-06-04,18662.5,18753.25,18511.25,18701.0,18701.0,616700.0
2024-06-05,18711.0,19090.5,18696.25,19074.25,19074.25,575230.0
2024-06-06,19089.5,19124.5,19017.25,19060.25,19060.25,524900.0
2024-06-07,19064.0,19155.0,18940.0,19037.75,19037.75,612030.0
2024-06-10,19025.0,19129.75,18974.25,19109.75,19109.75,571670.0
2024-06-11,19107.25,19257.5,18994.5,19242.25,19242.25,564710.0
2024-06-12,19248.0,19612.25,19233.5,19496.5,19496.5,691080.0
2024-06-13,19602.0,19691.0,19500.0,19602.5,19602.5,584730.0
2024-06-14,19602.75,19699.5,19501.5,19685.5,19685.5,584290.0
2024-06-17,19695.0,20001.0,19640.5,19921.25,19921.25,423230.0
2024-06-18,19918.5,19996.5,19851.75,19919.25,19919.25,201830.0
2024-06-20,19930.25,20095.0,19694.25,19763.25,19763.25,157050.0
2024-06-21,19781.25,19819.25,19687.5,19747.25,19747.25,8050.000000000001
2024-06-24,20014.75,20030.25,19728.0,19750.75,19750.75,683900.0
2024-06-25,19756.0,19981.25,19726.0,19972.25,19972.25,574520.0
2024-06-26,19973.0,20070.5,19901.0,20012.5,20012.5,590180.0
2024-06-27,19946.0,20116.75,19874.25,20039.5,20039.5,589650.0
2024-06-28,20063.25,20273.25,19906.25,19927.25,19927.25,750320.0
2024-07-01,19970.0,20074.0,19811.75,20052.0,20052.0,639340.0
2024-07-02,20045.75,20259.25,19910.0,20255.25,20255.25,621480.0
2024-07-03,20241.0,20435.25,20205.0,20411.5,20411.5,395130.0
2024-07-05,20419.25,20639.5,20361.0,20620.75,20620.75,600210.0
2024-07-08,20591.5,20688.0,20579.25,20659.75,20659.75,497110.0
2024-07-09,20681.0,20771.75,20615.75,20678.5,20678.5,569690.0
2024-07-10,20686.0,20916.75,20684.5,20899.75,20899.75,576690.0
2024-07-11,20895.5,20983.75,20377.25,20441.75,20441.75,906130.0
2024-07-12,20432.75,20741.0,20335.0,20524.0,20524.0,724340.0
2024-07-15,20580.0,20797.0,20506.25,20583.75,20583.75,703410.0
2024-07-16,20628.0,20684.5,20464.5,20598.0,20598.0,629750.0
2024-07-17,20591.0,20597.75,19965.75,19997.5,19997.5,854320.0
2024-07-18,20024.25,20162.5,19758.75,19899.25,19899.25,964290.0
2024-07-19,19955.0,19979.75,19654.0,19713.0,19713.0,774110.0
2024-07-22,19749.0,20044.75,19718.75,20001.0,20001.0,657850.0
2024-07-23,19982.0,20084.75,19868.25,19925.0,19925.0,601990.0
2024-07-24,19883.0,19883.0,19168.75,19203.25,19203.25,846810.0
2024-07-25,19260.0,19390.5,18883.25,18992.25,18992.25,992020.0
2024-07-26,19003.0,19297.75,18995.0,19174.5,19174.5,694700.0
2024-07-29,19171.75,19377.25,19113.25,19209.25,19209.25,600020.0
2024-07-30,19217.0,19319.75,18725.0,18936.25,18936.25,745000.0
2024-07-31,18865.75,19648.0,18861.75,19505.25,19505.25,762250.0
2024-08-01,19593.25,19717.0,18854.0,19023.25,19023.25,920620.0
2024-08-02,18956.5,18979.75,18385.75,18556.25,18556.25,842230.0
2024-08-05,18390.0,18390.0,17351.0,18013.25,18013.25,937140.0
2024-08-06,18165.75,18483.25,17966.0,18179.0,18179.0,697090.0
2024-08-07,18033.0,18558.5,17836.25,17966.5,17966.5,725240.0
2024-08-08,17873.0,18593.5,17741.75,18525.25,18525.25,663960.0
2024-08-09,18550.25,18674.5,18383.0,18616.0,18616.0,501760.0
2024-08-12,18590.0,18765.25,18515.0,18639.5,18639.5,469890.0
2024-08-13,18648.25,19122.5,18628.5,19104.25,19104.25,497670.0
2024-08-14,19099.25,19203.5,18925.5,19115.0,19115.0,554000.0
2024-08-15,19142.5,19603.25,19100.5,19581.25,19581.25,522320.00000000006
2024-08-16,19570.25,19683.0,19447.5,19605.75,19605.75,458930.0
2024-08-19,19629.0,19871.75,19525.25,19857.75,19857.75,429310.0
2024-08-20,19857.75,19931.0,19743.0,19809.5,19809.5,485440.0
2024-08-21,19803.0,19981.75,19771.5,19909.5,19909.5,479080.0
2024-08-22,19921.25,20025.25,19542.0,19578.25,19578.25,630180.0
2024-08-23,19621.5,19904.25,19591.75,19790.75,19790.75,581200.0
2024-08-26,19787.75,19846.25,19505.5,19591.25,19591.25,473540.0
2024-08-27,19558.75,19694.25,19441.5,19653.75,19653.75,441150.0
2024-08-28,19635.5,19691.0,19227.25,19415.75,19415.75,537280.0
2024-08-29,19217.0,19693.5,19140.25,19393.25,19393.25,669710.0
2024-08-30,19445.75,19632.75,19370.5,19623.0,19623.0,495610.0
2024-09-03,19599.0,19683.0,18911.0,19006.5,19006.5,698440.0
2024-09-04,18993.75,19114.75,18825.75,18962.5,18962.5,582120.0
2024-09-05,18965.75,19150.5,18827.25,18963.5,18963.5,585130.0
2024-09-06,18921.0,18972.25,18339.75,18458.25,18458.25,726350.0
2024-09-09,18400.0,18734.5,18386.0,18692.25,18692.25,536240.0
2024-09-10,18727.0,18878.5,18582.25,18864.0,18864.0,536220.0
2024-09-11,18837.75,19293.5,18547.0,19271.0,19271.0,729340.0
2024-09-12,19241.5,19483.5,19185.0,19447.25,19447.25,581030.0
2024-09-13,19419.5,19577.25,19398.25,19530.25,19530.25,467950.0
2024-09-16,19498.0,19546.5,19299.25,19433.0,19433.0,339780.0
2024-09-17,19426.5,19615.5,19341.0,19439.25,19439.25,254060.0
2024-09-18,19451.0,19660.0,19331.0,19349.25,19349.25,138850.0
2024-09-19,19420.5,19966.25,19408.75,19850.25,19850.25,134920.0
2024-09-20,19831.25,19838.25,19746.5,19808.0,19808.0,4960.0
2024-09-23,20040.0,20164.0,19955.25,20080.0,20080.0,394950.0
2024-09-24,20063.25,20214.75,19953.0,20167.75,20167.75,457130.0
2024-09-25,20183.75,20271.0,20064.25,20192.0,20192.0,405050.0
2024-09-26,20242.0,20538.0,20188.0,20346.25,20346.25,509760.0
2024-09-27,20345.0,20395.75,20173.0,20221.5,20221.5,435630.0
2024-09-30,20198.5,20287.0,20056.0,20261.25,20261.25,510430.0
2024-10-01,20234.25,20331.75,19818.0,19975.0,19975.0,662780.0
2024-10-02,19975.25,20090.25,19833.5,20009.75,20009.75,475600.0
2024-10-03,20055.5,20113.75,19852.0,19990.25,19990.25,526770.0
2024-10-04,19965.5,20263.75,19941.5,20227.25,20227.25,560070.0
2024-10-07,20220.0,20267.25,19948.0,19992.75,19992.75,450370.0
2024-10-08,20025.75,20329.5,19902.5,20298.5,20298.5,444750.0
2024-10-09,20294.25,20482.75,20196.0,20463.5,20463.5,421250.0
2024-10-10,20445.25,20508.25,20301.5,20429.75,20429.75,450570.0
2024-10-11,20435.0,20494.25,20314.75,20450.0,20450.0,385310.0
2024-10-14,20432.5,20680.0,20383.25,20619.25,20619.25,395760.0
2024-10-15,20638.75,20659.25,20254.0,20342.0,20342.0,522390.0
2024-10-16,20334.5,20398.5,20206.25,20349.5,20349.5,417570.0
2024-10-17,20328.0,20594.75,20276.75,20368.0,20368.0,535490.0
2024-10-18,20384.0,20529.75,20320.75,20483.5,20483.5,385570.0
2024-10-21,20496.25,20554.5,20343.75,20519.5,20519.5,456080.0
2024-10-22,20536.5,20602.25,20360.25,20542.0,20542.0,476320.0
2024-10-23,20521.0,20542.5,20079.0,20220.5,20220.5,619160.0
2024-10-24,20294.25,20428.5,20261.75,20380.25,20380.25,462550.0
2024-10-25,20388.5,20707.25,20364.0,20498.75,20498.75,585930.0
2024-10-28,20525.5,20676.5,20486.0,20497.0,20497.0,430120.0
2024-10-29,20513.0,20760.25,20432.25,20696.5,20696.5,498020.0
2024-10-30,20734.0,20788.5,20472.5,20534.75,20534.75,519409.99999999994
2024-10-31,20482.0,20495.75,20008.5,20021.75,20021.75,686680.0
2024-11-01,20071.0,20288.0,20017.0,20153.25,20153.25,554030.0
2024-11-04,20138.0,20248.5,20013.0,20086.0,20086.0,520520.0
2024-11-05,20130.75,20385.5,20041.75,20341.75,20341.75,450120.0
2024-11-06,20360.5,20935.25,20323.5,20894.0,20894.0,632410.0
2024-11-07,20923.5,21253.0,20861.5,21224.75,21224.75,462810.0
2024-11-08,21224.25,21265.0,21121.75,21231.25,21231.25,401940.0
2024-11-11,21249.75,21340.75,21098.25,21217.75,21217.75,456010.0
2024-11-12,21221.0,21251.75,21054.75,21189.5,21189.5,511370.0
2024-11-13,21178.0,21268.5,21056.5,21159.5,21159.5,533740.0
2024-11-14,21167.0,21190.25,20950.5,21011.75,21011.75,561950.0
2024-11-15,20977.5,20981.5,20405.25,20493.75,20493.75,691850.0
2024-11-18,20504.0,20724.25,20476.0,20633.5,20633.5,525470.0
2024-11-19,20633.25,20792.5,20382.5,20767.75,20767.75,553620.0
2024-11-20,20762.25,20843.25,20477.0,20749.0,20749.0,619490.0
2024-11-21,20738.0,20905.75,20514.25,20829.5,20829.5,698340.0
2024-11-22,20794.0,20880.0,20693.25,20849.75,20849.75,541550.0
2024-11-25,20935.0,21081.0,20780.25,20880.25,20880.25,544570.0
2024-11-26,20906.25,21024.75,20755.0,20993.5,20993.5,505250.0
2024-11-27,20990.75,21019.0,20675.0,20813.0,20813.0,520030.0
2024-11-29,20813.0,21017.5,20805.5,20993.5,20993.5,339960.0
2024-12-02,20995.25,21259.75,20940.0,21218.0,21218.0,475460.0
2024-12-03,21220.0,21329.0,21134.25,21281.5,21281.5,444140.0
2024-12-04,21323.0,21548.5,21305.75,21536.5,21536.5,461920.0
2024-12-05,21513.25,21567.25,21437.5,21473.25,21473.25,421040.0
2024-12-06,21450.0,21669.25,21424.75,21656.75,21656.75,459880.0
2024-12-09,21649.0,21706.25,21436.0,21483.75,21483.75,517120.0
2024-12-10,21479.25,21606.75,21352.75,21405.25,21405.25,544410.0
2024-12-11,21436.0,21820.0,21405.75,21793.5,21793.5,547210.0
2024-12-12,21756.75,21772.5,21604.25,21651.25,21651.25,510310.0
2024-12-13,21720.75,21908.0,21666.5,21795.75,21795.75,639400.0
2024-12-16,21780.25,22152.5,21762.0,22110.25,22110.25,482430.0
2024-12-17,22115.0,22124.5,21942.25,22014.75,22014.75,277300.0
2024-12-18,22010.0,22083.75,21034.25,21218.75,21218.75,209590.0
2024-12-19,21218.5,21424.25,21080.0,21112.75,21112.75,124730.0
2024-12-20,21151.5,21151.5,20745.0,20948.0,20948.0,9010.0
2024-12-23,21566.0,21776.75,21476.75,21753.25,21753.25,508600.0
2024-12-24,21743.25,22049.75,21709.0,22028.5,22028.5,261200.0
2024-12-26,22049.5,22111.25,21870.25,22008.0,22008.0,407120.0
2024-12-27,21990.75,22008.0,21498.75,21698.5,21698.5,572600.0
2024-12-30,21711.0,21742.75,21253.0,21416.25,21416.25,530980.0
2024-12-31,21390.25,21524.75,21182.0,21226.5,21226.5,477280.0
2025-01-02,21269.0,21490.5,20983.75,21167.5,21167.5,664740.0
2025-01-03,21186.75,21559.25,21144.0,21516.5,21516.5,488240.0
2025-01-06,21532.25,21896.75,21478.25,21744.5,21744.5,574300.0
2025-01-07,21781.25,21806.0,21279.5,21359.75,21359.75,645140.0
2025-01-08,21380.75,21448.25,21166.25,21360.75,21360.75,637110.0
2025-01-09,21334.75,21347.25,21218.0,21301.5,21301.5,77170.0
2025-01-10,21302.75,21372.5,20874.75,21016.0,21016.0,703960.0
2025-01-13,21027.5,21037.0,20694.0,20947.25,20947.25,617060.0
2025-01-14,21020.0,21143.75,20773.5,20919.5,20919.5,676190.0
2025-01-15,20977.0,21452.75,20909.0,21400.25,21400.25,551810.0
2025-01-16,21389.0,21567.25,21172.25,21249.75,21249.75,598630.0
2025-01-17,21227.5,21682.5,21209.25,21594.75,21594.75,594110.0
2025-01-21,21600.0,21783.5,21377.75,21709.5,21709.5,662320.0
2025-01-22,21809.25,22093.5,21768.25,22000.5,22000.5,508610.0
2025-01-23,21981.75,22050.5,21855.5,22038.25,22038.25,476290.0
2025-01-24,22018.5,22078.25,21844.0,21911.25,21911.25,522900.0
2025-01-27,21771.0,21771.0,20763.75,21258.5,21258.5,1060000.0
2025-01-28,21343.25,21626.0,21159.5,21581.75,21581.75,663340.0
2025-01-29,21559.0,21697.0,21367.0,21523.25,21523.25,629630.0
2025-01-30,21547.75,21748.75,21419.5,21624.75,21624.75,618070.0
2025-01-31,21680.0,21966.0,21533.75,21589.25,21589.25,655810.0
2025-02-03,21200.0,21579.75,20943.0,21405.0,21405.0,728140.0
2025-02-04,21592.0,21694.0,21242.5,21670.25,21670.25,497140.0
2025-02-05,21562.0,21795.0,21429.75,21763.0,21763.0,497660.0
2025-02-06,21764.5,21882.25,21705.75,21871.75,21871.75,438730.0
2025-02-07,21817.75,21968.0,21552.75,21590.75,21590.75,598870.0
2025-02-10,21463.25,21894.0,21418.0,21846.5,21846.5,391630.0
2025-02-11,21832.0,21871.5,21669.5,21786.75,21786.75,423200.0
2025-02-12,21794.25,21862.5,21510.75,21804.75,21804.75,545410.0
2025-02-13,21861.25,22124.0,21753.0,22113.25,22113.25,536740.0
2025-02-14,22071.0,22225.0,22042.5,22196.25,22196.25,433210.0
2025-02-18,22235.75,22319.75,22102.75,22232.25,22232.25,567200.0
2025-02-19,22224.5,22299.75,22118.0,22250.5,22250.5,496440.0
2025-02-20,22213.0,22235.5,21951.0,22141.75,22141.75,563590.0
2025-02-21,22136.0,22245.5,21652.75,21679.25,21679.25,708350.0
2025-02-24,21700.75,21813.0,21407.5,21420.25,21420.25,670630.0
2025-02-25,21442.5,21453.75,20990.0,21149.0,21149.0,805680.0
2025-02-26,21230.5,21409.25,21055.0,21187.0,21187.0,646240.0
2025-02-27,21249.0,21386.5,20583.25,20605.75,20605.75,854180.0
2025-02-28,20649.5,20944.25,20460.5,20919.5,20919.5,845890.0
2025-03-03,21005.25,21121.0,20316.75,20468.25,20468.25,833040.0
2025-03-04,20527.0,20732.5,20075.25,20399.0,20399.0,958070.0
2025-03-05,20555.0,20725.0,20215.0,20665.0,20665.0,783640.0
2025-03-06,20605.25,20647.5,20003.0,20089.25,20089.25,763150.0
2025-03-07,20214.5,20286.25,19765.5,20229.75,20229.75,763260.0
2025-03-10,20147.0,20156.5,19272.25,19452.75,19452.75,798370.0
2025-03-11,19440.0,19686.75,19139.25,19399.0,19399.0,857880.0
2025-03-12,19412.75,19788.75,19387.0,19618.5,19618.5,702690.0
2025-03-13,19572.0,19694.0,19170.0,19249.0,19249.0,761160.0
2025-03-14,19312.75,19742.5,19296.75,19712.0,19712.0,742660.0
2025-03-17,19668.25,19959.25,19550.5,19831.75,19831.75,584950.0
2025-03-18,19821.0,19858.0,19397.75,19496.75,19496.75,360200.0
2025-03-19,19496.75,19935.0,19455.5,19746.75,19746.75,210520.0
2025-03-20,19746.75,19898.75,19530.25,19678.5,19678.5,116160.0
2025-03-21,19690.75,19728.75,19408.0,19450.75,19450.75,7820.0
2025-03-24,20050.5,20409.5,20050.5,20374.25,20374.25,555040.0
2025-03-25,20353.0,20524.75,20293.0,20488.5,20488.5,470890.0
2025-03-26,20511.5,20536.75,20045.0,20116.5,20116.5,620690.0
2025-03-27,20046.0,20199.5,19937.25,19990.25,19990.25,634740.0
2025-03-28,19995.25,20011.75,19357.5,19457.0,19457.0,696400.0
2025-03-31,19319.75,19489.75,18976.75,19439.5,19439.5,842550.0
2025-04-01,19411.25,19644.0,19261.25,19604.5,19604.5,790960.0
2025-04-02,19600.5,20044.25,19076.75,19758.0,19758.0,835320.0
2025-04-03,19020.0,19177.0,18614.0,18675.5,18675.5,893790.0
2025-04-04,18660.0,18713.0,17387.5,17539.0,17539.0,1200000.0
2025-04-07,17100.0,18361.5,16460.0,17563.25,17563.25,1140000.0
2025-04-08,17665.0,18357.25,16973.5,17243.75,17243.75,956640.0
2025-04-09,17220.25,19386.75,16735.0,19288.75,19288.75,1090000.0
2025-04-10,19266.75,19383.5,17919.0,18484.5,18484.5,975100.0
2025-04-11,18464.75,18873.5,18067.0,18807.5,18807.5,667630.0
2025-04-14,19225.0,19256.0,18737.5,18934.75,18934.75,570510.0
2025-04-15,18902.5,19144.75,18809.0,18960.25,18960.25,525790.0
2025-04-16,18790.0,18861.25,18116.25,18385.25,18385.25,683180.0
2025-04-17,18391.25,18652.75,18261.5,18380.75,18380.75,629370.0
2025-04-21,18306.25,18383.5,17700.0,17922.25,17922.25,484750.0
2025-04-22,17914.0,18514.0,17863.75,18385.0,18385.0,619150.0
2025-04-23,18646.0,19165.5,18623.75,18804.0,18804.0,733980.0
2025-04-24,18826.5,19418.0,18594.75,19322.0,19322.0,599460.0
2025-04-25,19405.0,19589.0,19216.25,19535.25,19535.25,587590.0
2025-04-28,19524.5,19623.0,19257.25,19528.0,19528.0,514470.0
2025-04-29,19478.25,19688.5,19378.0,19642.0,19642.0,565540.0
2025-04-30,19599.75,19880.0,19103.75,19658.5,19658.5,713640.0
2025-05-01,19834.0,20125.75,19757.25,19870.75,19870.75,588900.0
2025-05-02,19782.5,20276.75,19749.5,20195.25,20195.25,517809.99999999994
2025-05-05,20181.5,20201.75,19966.0,20055.5,20055.5,418880.0
2025-05-06,20014.25,20036.75,19739.0,19876.5,19876.5,514530.0
2025-05-07,19809.0,20133.75,19678.75,19961.0,19961.0,597360.0
2025-05-08,19934.5,20337.25,19910.75,20148.0,20148.0,567600.0
2025-05-09,20157.0,20288.75,20058.0,20136.75,20136.75,453690.0
2025-05-12,20398.5,20996.0,20376.75,20948.75,20948.75,638560.0
2025-05-13,20954.75,21346.5,20818.0,21278.0,21278.0,526710.0
2025-05-14,21250.0,21419.5,21238.25,21392.5,21392.5,513590.00000000006
2025-05-15,21379.75,21529.75,21192.0,21400.25,21400.25,542990.0
2025-05-16,21396.0,21512.0,21320.25,21506.0,21506.0,419240.0
2025-05-19,21310.75,21544.5,21112.5,21527.0,21527.0,520280.0
2025-05-20,21513.0,21562.25,21298.0,21447.25,21447.25,437870.0
2025-05-21,21414.75,21558.5,21072.75,21156.75,21156.75,605670.0
2025-05-22,21145.0,21337.5,21040.0,21178.25,21178.25,512630.0
2025-05-23,21223.75,21236.0,20727.0,20975.0,20975.0,528060.0
2025-05-27,20978.0,21488.5,20954.25,21460.5,21460.5,531360.0
2025-05-28,21480.0,21567.5,21321.25,21379.75,21379.75,421650.0
2025-05-29,21513.0,21858.75,21301.0,21408.5,21408.5,563890.0
2025-05-30,21371.25,21433.5,21071.5,21376.75,21376.75,551090.0
2025-06-02,21303.75,21576.25,21163.0,21534.5,21534.5,434590.0
2025-06-03,21555.0,21759.75,21399.25,21706.0,21706.0,427860.0
2025-06-04,21688.25,21803.0,21641.0,21766.5,21766.5,403010.0
2025-06-05,21744.75,21935.0,21503.5,21582.25,21582.25,591470.0
2025-06-06,21471.0,21873.5,21471.0,21789.5,21789.5,466590.0
2025-06-23,21648.25,22093.0,21566.75,22073.5,22073.5,549770.0
2025-06-24,22079.0,22448.25,22065.75,22412.75,22412.75,447980.0
2025-06-25,22412.0,22548.25,22384.5,22461.0,22461.0,397610.0
2025-06-26,22461.25,22694.0,22437.75,22669.25,22669.25,422400.0
2025-06-27,22676.25,22825.5,22600.0,22751.5,22751.5,487840.0
2025-06-30,22751.5,22934.75,22751.5,22893.25,22893.25,434250.0
2025-07-01,22867.5,22914.75,22594.5,22692.75,22692.75,495080.0
2025-07-02,22694.5,22858.75,22582.0,22843.0,22843.0,408880.0
2025-07-03,22845.0,23102.5,22827.0,23062.5,23062.5,269080.0
2025-07-07,22970.0,23028.5,22779.75,22884.75,22884.75,537930.0
2025-07-08,22837.75,22972.75,22808.5,22896.75,22896.75,420910.0
2025-07-09,22906.5,23112.0,22843.5,23052.75,23052.75,450520.0
2025-07-10,23041.0,23090.0,22901.25,23013.25,23013.25,391780.0
2025-07-11,23011.75,23048.75,22831.5,22959.0,22959.0,461060.0
2025-07-14,22860.75,23066.5,22803.0,23035.5,23035.5,414470.0
2025-07-15,23034.25,23222.75,22996.0,23056.75,23056.75,524059.99999999994
2025-07-16,23018.75,23100.0,22835.5,23076.5,23076.5,548600.0
2025-07-17,23065.5,23279.75,23017.0,23251.0,23251.0,445290.0
2025-07-18,23261.25,23320.75,23169.5,23224.25,23224.25,450700.0
2025-07-21,23232.5,23424.75,23203.75,23342.0,23342.0,398830.0
2025-07-22,23339.5,23367.0,23108.0,23226.25,23226.25,537830.0
2025-07-23,23191.25,23418.0,23146.75,23310.75,23310.75,512960.00000000006
2025-07-24,23402.25,23424.5,23298.25,23377.5,23377.5,435560.0
2025-07-25,23391.5,23476.0,23330.75,23421.25,23421.25,395470.0
2025-07-28,23520.0,23585.25,23436.75,23491.25,23491.25,424390.0
2025-07-29,23504.25,23652.5,23421.25,23452.0,23452.0,538170.0
2025-07-30,23452.0,23689.0,23356.5,23480.5,23480.5,538730.0
2025-07-31,23705.0,23845.0,23290.5,23365.0,23365.0,739640.0
2025-08-01,23308.5,23347.5,22775.0,22883.75,22883.75,803560.0
2025-08-04,22850.0,23352.5,22821.75,23296.5,23296.5,472670.0
2025-08-05,23354.0,23404.25,23084.5,23132.0,23132.0,542680.0
2025-08-06,23091.75,23445.25,23045.5,23422.75,23422.75,527510.0
2025-08-07,23418.5,23671.0,23329.0,23496.25,23496.25,561720.0
2025-08-08,23518.25,23767.75,23503.0,23713.75,23713.75,454190.0
2025-08-11,23764.0,23804.5,23587.5,23637.5,23637.5,443980.0
2025-08-12,23635.0,23953.5,23596.0,23938.0,23938.0,488580.0
2025-08-13,23945.0,24068.5,23886.0,23946.5,23946.5,453510.0
2025-08-14,23927.75,24007.75,23793.25,23930.5,23930.5,492050.0
2025-08-15,23888.75,23963.0,23734.5,23804.0,23804.0,441890.0
2025-08-18,23795.0,23881.75,23719.0,23797.75,23797.75,399620.0
2025-08-19,23800.75,23838.0,23426.0,23469.5,23469.5,557580.0
2025-08-20,23461.0,23485.5,23035.0,23324.0,23324.0,713570.0
2025-08-21,23323.0,23369.25,23119.0,23219.75,23219.75,525920.0
2025-08-22,23225.25,23650.0,23076.75,23569.75,23569.75,490870.0
2025-08-25,23602.0,23616.25,23443.25,23498.25,23498.25,399490.0
2025-08-26,23505.75,23611.0,23371.5,23591.5,23591.5,443750.0
2025-08-27,23604.0,23689.0,23434.75,23628.75,23628.75,436560.0
2025-08-28,23542.25,23803.75,23487.5,23769.0,23769.0,486270.0
2025-08-29,23760.5,23762.0,23397.5,23461.75,23461.75,539160.0
2025-09-02,23479.0,23552.5,23025.25,23275.0,23275.0,744120.0
2025-09-03,23382.0,23525.25,23298.25,23448.75,23448.75,563650.0
2025-09-04,23456.75,23708.75,23410.0,23668.0,23668.0,484990.0
2025-09-05,23700.0,23902.0,23505.0,23684.0,23684.0,674090.0
2025-09-22,24850.0,25027.25,24748.75,25003.0,25003.0,481200.0
2025-09-23,24995.0,25026.0,24780.5,24827.25,24827.25,564180.0
2025-09-24,24839.5,24913.5,24627.0,24739.25,24739.25,530440.0
2025-09-25,24746.0,24793.5,24422.5,24629.25,24629.25,710110.0
2025-09-26,24642.5,24747.5,24520.0,24726.75,24726.75,548790.0
2025-09-29,24726.5,24975.5,24721.75,24837.75,24837.75,508360.0
2025-09-30,24817.75,24913.75,24722.25,24901.75,24901.75,513250.0
2025-10-01,24843.0,25036.75,24633.25,25017.5,25017.5,474670.0
2025-10-02,25009.25,25180.0,24993.75,25110.0,25110.0,460290.0
2025-10-03,25101.5,25196.5,24923.25,24992.0,24992.0,490720.0
2025-10-06,25000.0,25252.75,24995.0,25184.75,25184.75,414910.0
2025-10-07,25184.5,25275.0,24984.75,25039.25,25039.25,539430.0
2025-10-08,25059.75,25364.75,25026.25,25331.0,25331.0,451310.0
2025-10-09,25351.5,25394.0,25160.75,25289.25,25289.25,500930.0
2025-10-10,25287.75,25388.0,24158.5,24397.0,24397.0,934370.0
2025-10-13,24542.0,24965.0,24542.0,24922.25,24922.25,5680.0
2025-10-14,24913.75,25044.25,24421.0,24762.5,24762.5,729060.0
2025-10-15,24754.0,25115.0,24663.25,24924.5,24924.5,637040.0
2025-10-16,24937.0,25179.5,24643.5,24831.25,24831.25,738760.0
2025-10-17,24793.75,25055.75,24410.0,24986.5,24986.5,743680.0
2025-10-20,25065.75,25354.5,24955.75,25305.25,25305.25,437210.0
2025-10-21,25326.75,25368.0,25203.25,25294.75,25294.75,441490.0
2025-10-22,25283.75,25338.25,24804.75,25039.25,25039.25,695130.0
2025-10-23,25012.25,25296.0,24937.0,25254.0,25254.0,527350.0
2025-10-24,25283.25,25570.75,25276.0,25509.25,25509.25,467730.0
2025-10-27,25723.5,26013.5,25700.0,25963.75,25963.75,435230.0
2025-10-28,26002.5,26231.5,25943.0,26163.5,26163.5,452120.0
2025-10-29,26179.75,26379.75,26049.25,26262.5,26262.5,557800.0
2025-10-30,26154.5,26399.0,25853.0,25882.75,25882.75,665780.0
2025-10-31,26150.5,26274.0,25888.75,26004.0,26004.0,597980.0
2025-11-03,26028.25,26266.0,26012.75,26103.25,26103.25,0.0
2025-11-04,26104.5,26104.5,25522.75,25575.25,25575.25,669480.0
2025-11-05,25545.0,25880.0,25282.0,25746.25,25746.25,618170.0
2025-11-06,25738.5,25822.25,25197.75,25244.25,25244.25,754440.0
2025-11-07,25314.75,25354.75,24709.25,25166.25,25166.25,765090.0
2025-11-10,25320.75,25760.5,25269.0,25714.5,25714.5,626200.0
2025-11-11,25722.25,25768.75,25478.5,25640.75,25640.75,537970.0
2025-11-12,25668.0,25830.0,25488.75,25623.75,25623.75,606260.0
2025-11-13,25624.0,25721.5,25002.5,25094.75,25094.75,775130.0
2025-11-14,25095.25,25293.25,24626.0,25094.0,25094.0,862320.0
2025-11-17,25142.25,25361.25,24731.75,24879.0,24879.0,738980.0
2025-11-18,24905.5,24959.5,24376.25,24595.75,24595.75,871070.0
2025-11-19,24551.0,24988.0,24445.0,24721.75,24721.75,770450.0
2025-11-20,24966.75,25310.0,24073.25,24131.5,24131.5,995840.0
2025-11-21,24110.0,24596.25,23904.5,24305.5,24305.5,918730.0
2025-11-24,24455.75,24993.5,24361.75,24948.25,24948.25,604150.0
2025-11-25,24966.25,25135.25,24602.0,25085.5,25085.5,629580.0
2025-11-26,25071.25,25376.0,25061.25,25302.25,25302.25,522200.00000000006
2025-11-28,25313.0,25499.75,25285.75,25482.0,25482.0,199450.0
2025-12-01,25482.5,25546.0,25193.25,25391.25,25391.25,574730.0
2025-12-02,25411.5,25670.0,25324.75,25606.0,25606.0,561950.0
2025-12-03,25611.0,25685.25,25421.5,25657.5,25657.5,494190.0
2025-12-04,25650.25,25732.5,25488.75,25622.75,25622.75,509530.0
2025-12-05,25629.75,25868.0,25579.75,25732.0,25732.0,498260.0
2025-12-08,25750.0,25860.75,25564.75,25664.0,25664.0,473150.0
2025-12-09,25713.0,25735.75,25560.0,25699.75,25699.75,407390.0
2025-12-10,25680.0,25870.75,25528.75,25798.0,25798.0,556710.0
2025-12-22,25635.25,25794.75,25628.0,25692.25,25692.25,367320.0
2025-12-23,25701.0,25822.5,25608.25,25812.25,25812.25,336350.0
2025-12-24,25815.75,25892.0,25777.5,25880.5,25880.5,163040.0
2025-12-26,25868.0,25935.25,25834.25,25863.25,25863.25,240490.0
2025-12-29,25863.25,25893.75,25648.0,25739.75,25739.75,347060.0
2025-12-30,25740.0,25793.75,25668.25,25675.25,25675.25,300560.0
2025-12-31,25683.25,25716.75,25429.0,25456.75,25456.75,329350.0
