entry_time,exit_time,direction,entry_price,exit_price,symbol,contracts,adx,vix,grade
2025-11-03 10:39:35.060092693,2025-11-03 10:48:35.060092693,long,19996.62,20020.43,NQ,1,19.9,18.9,B8
2025-11-03 11:27:22.562117409,2025-11-03 12:00:22.562117409,long,19996.92,19974.22,NQ,1,29.4,18.9,A10
2025-11-03 13:48:50.349607323,2025-11-03 14:08:50.349607323,short,19993.99,20023.54,NQ,1,24.7,18.9,A9
2025-11-04 10:36:08.351718919,2025-11-04 10:59:08.351718919,long,19969.97,20000.86,NQ,2,31.2,17.5,B7
2025-11-04 10:43:07.375528447,2025-11-04 10:57:07.375528447,short,19981.08,20001.98,NQ,1,14.3,17.5,A9
2025-11-04 11:04:01.120348030,2025-11-04 11:38:01.120348030,long,19989.74,20004.42,NQ,2,31.3,17.5,B8
2025-11-04 13:46:31.347757013,2025-11-04 13:55:31.347757013,long,19975.86,19977.91,NQ,2,20.5,17.5,A9
2025-11-05 13:35:05.621179795,2025-11-05 13:48:05.621179795,long,19985.27,20018.52,NQ,1,28.5,14.5,B8
2025-11-05 14:27:54.833115014,2025-11-05 14:50:54.833115014,short,19975.67,19950.88,NQ,2,31.3,14.5,A9
2025-11-06 09:41:39.655014750,2025-11-06 09:46:39.655014750,long,19990.73,19973.16,NQ,1,25.2,12.5,B8
2025-11-06 10:58:50.689206933,2025-11-06 11:03:50.689206933,long,19972.75,19958.97,NQ,1,31.3,12.5,B7
2025-11-06 11:02:48.290668604,2025-11-06 11:10:48.290668604,short,20003.54,20003.59,NQ,1,21.7,12.5,A9
2025-11-06 14:19:12.500549857,2025-11-06 14:40:12.500549857,long,20012.75,20051.13,NQ,2,26.3,12.5,B7
2025-11-07 13:53:23.477546328,2025-11-07 14:17:23.477546328,long,20007.32,20034.58,NQ,2,20.3,13.5,B7
2025-11-10 09:40:11.503879227,2025-11-10 10:04:11.503879227,long,20011.31,19989.35,NQ,2,16.7,12.2,A10
2025-11-10 11:29:59.290901826,2025-11-10 11:38:59.290901826,long,20005.59,19988.81,NQ,1,24.1,12.2,A9
2025-11-11 09:42:28.263463054,2025-11-11 10:03:28.263463054,long,20007.21,20036.06,NQ,1,37.9,13.4,A9
2025-11-12 09:40:41.828707105,2025-11-12 10:06:41.828707105,short,20021.26,19994.04,NQ,1,31.3,14.8,B7
2025-11-12 09:56:17.575625503,2025-11-12 10:06:17.575625503,short,20004.49,19974.12,NQ,1,37.3,14.8,A9
2025-11-12 11:03:53.704242120,2025-11-12 11:21:53.704242120,short,20016.02,19997.08,NQ,2,41.2,14.8,B8
2025-11-12 11:17:09.278849638,2025-11-12 11:23:09.278849638,short,20007.73,19980.74,NQ,1,33.2,14.8,B8
2025-11-13 09:34:50.688562473,2025-11-13 09:55:50.688562473,long,20006.88,20005.85,NQ,1,20.2,15.3,B8
2025-11-13 15:03:44.499089516,2025-11-13 15:26:44.499089516,long,20001.34,19992.67,NQ,1,27.0,15.3,B8
2025-11-14 11:21:07.727115410,2025-11-14 11:40:07.727115410,long,20014.31,20037.59,NQ,1,22.3,15.1,A9
2025-11-14 14:11:50.589432844,2025-11-14 14:19:50.589432844,short,20028.43,20007.86,NQ,1,25.6,15.1,B7
2025-11-14 15:12:47.358675228,2025-11-14 15:36:47.358675228,short,20022.26,20037.7,NQ,2,18.0,15.1,B8
2025-11-17 09:36:22.554328009,2025-11-17 10:02:22.554328009,short,20046.87,20020.59,NQ,1,20.3,16.4,B8
2025-11-17 09:36:52.789683615,2025-11-17 09:47:52.789683615,short,20047.39,20062.82,NQ,2,19.7,16.4,B7
2025-11-17 14:00:05.478120662,2025-11-17 14:08:05.478120662,short,20029.74,20045.04,NQ,2,31.9,16.4,B7
2025-11-17 14:17:41.861199128,2025-11-17 14:44:41.861199128,long,20044.42,20065.68,NQ,2,39.3,16.4,B7
2025-11-18 09:33:34.786800232,2025-11-18 09:37:34.786800232,long,20065.72,20083.93,NQ,1,21.2,16.6,B8
2025-11-18 15:10:39.946271886,2025-11-18 15:14:39.946271886,long,20060.4,20042.52,NQ,1,25.8,16.6,A9
2025-11-19 10:32:52.217987431,2025-11-19 10:54:52.217987431,short,20071.52,20050.38,NQ,1,19.3,16.2,A10
2025-11-20 13:44:33.156709913,2025-11-20 14:17:33.156709913,long,20063.72,20052.04,NQ,1,12.0,16.7,B7
2025-11-21 13:35:12.466330366,2025-11-21 13:50:12.466330366,short,20080.51,20068.0,NQ,1,30.1,15.2,B7
2025-11-21 14:54:59.950970168,2025-11-21 15:26:59.950970168,long,20058.96,20073.64,NQ,2,42.3,15.2,B8
2025-11-21 15:19:37.519683595,2025-11-21 15:32:37.519683595,long,20077.39,20075.53,NQ,2,21.4,15.2,B7
2025-11-21 15:22:01.843814348,2025-11-21 15:42:01.843814348,long,20090.82,20078.45,NQ,2,28.9,15.2,B7
2025-11-24 11:10:41.459056262,2025-11-24 11:15:41.459056262,long,20133.61,20156.78,NQ,1,34.1,16.0,B7
2025-11-24 11:16:54.321387566,2025-11-24 11:25:54.321387566,long,20129.5,20157.14,NQ,1,40.2,16.0,A9
2025-11-24 11:28:28.036987979,2025-11-24 11:42:28.036987979,long,20124.31,20150.01,NQ,1,24.9,16.0,B8
2025-11-24 13:52:21.349176482,2025-11-24 14:08:21.349176482,long,20107.16,20093.82,NQ,1,24.0,16.0,B7
2025-11-25 09:31:10.312277494,2025-11-25 09:46:10.312277494,long,20096.94,20077.68,NQ,2,20.4,16.8,A9
2025-11-25 10:32:25.251773120,2025-11-25 10:54:25.251773120,short,20097.29,20100.87,NQ,1,18.5,16.8,B7
2025-11-25 14:53:44.925962854,2025-11-25 15:18:44.925962854,short,20116.22,20104.85,NQ,1,33.3,16.8,B7
2025-11-26 09:49:27.450010910,2025-11-26 09:56:27.450010910,short,20078.25,20057.05,NQ,1,38.1,16.1,A9
2025-11-26 13:30:08.191837204,2025-11-26 13:39:08.191837204,long,20105.63,20092.39,NQ,1,24.9,16.1,A9
2025-11-27 09:41:41.076294566,2025-11-27 09:46:41.076294566,long,20094.37,20075.68,NQ,1,25.0,14.6,B7
2025-11-27 09:52:00.727976526,2025-11-27 10:11:00.727976526,long,20113.8,20091.78,NQ,1,30.9,14.6,B7
2025-11-27 11:13:12.507397441,2025-11-27 11:46:12.507397441,short,20077.88,20067.14,NQ,1,33.4,14.6,B8
2025-11-28 09:31:59.506144577,2025-11-28 09:59:59.506144577,long,20108.38,20130.06,NQ,1,17.7,15.1,B7
2025-11-28 13:40:48.741224232,2025-11-28 14:03:48.741224232,long,20108.93,20133.1,NQ,1,27.1,15.1,B7
2025-12-01 09:51:11.715205470,2025-12-01 09:58:11.715205470,long,20127.19,20148.6,NQ,1,16.6,15.8,A9
2025-12-01 13:30:38.418398279,2025-12-01 13:53:38.418398279,long,20113.16,20148.7,NQ,2,17.5,15.8,A10
2025-12-01 13:58:29.168124827,2025-12-01 14:22:29.168124827,long,20108.49,20083.64,NQ,1,37.3,15.8,B7
2025-12-01 14:56:21.086025207,2025-12-01 15:27:21.086025207,long,20115.43,20123.71,NQ,1,23.4,15.8,A9
2025-12-02 09:34:54.494102946,2025-12-02 09:54:54.494102946,long,20169.96,20192.07,NQ,1,19.1,16.6,B7
2025-12-02 09:38:23.161868586,2025-12-02 09:52:23.161868586,long,20133.36,20158.53,NQ,1,31.5,16.6,A10
2025-12-02 09:54:20.331155563,2025-12-02 09:59:20.331155563,long,20155.16,20185.88,NQ,1,34.9,16.6,B8
2025-12-02 11:13:37.402289611,2025-12-02 11:31:37.402289611,short,20145.96,20127.36,NQ,1,20.8,16.6,A9
2025-12-03 09:50:00.348961094,2025-12-03 10:14:00.348961094,long,20153.98,20135.95,NQ,1,20.3,14.4,B7
2025-12-04 13:47:13.600009123,2025-12-04 13:55:13.600009123,long,20153.78,20129.16,NQ,1,29.4,12.0,B7
2025-12-05 09:56:19.747844616,2025-12-05 10:19:19.747844616,short,20144.98,20151.2,NQ,1,22.9,11.0,A10
2025-12-05 11:19:04.951739195,2025-12-05 11:28:04.951739195,short,20156.93,20137.49,NQ,1,29.7,11.0,B7
2025-12-05 14:21:37.087062974,2025-12-05 14:42:37.087062974,long,20146.88,20172.48,NQ,2,33.1,11.0,B7
2025-12-08 09:45:03.950937090,2025-12-08 09:58:03.950937090,short,20137.98,20151.54,NQ,1,22.5,11.0,B7
2025-12-08 09:57:44.303124441,2025-12-08 10:17:44.303124441,long,20157.33,20176.69,NQ,2,42.3,11.0,A10
2025-12-08 14:20:08.658770812,2025-12-08 14:26:08.658770812,long,20136.64,20126.16,NQ,1,20.0,11.0,B8
2025-12-09 09:51:35.351162042,2025-12-09 10:19:35.351162042,long,20162.32,20187.3,NQ,1,25.5,11.0,A9
2025-12-09 13:42:42.791436338,2025-12-09 14:04:42.791436338,long,20156.65,20149.57,NQ,1,30.2,11.0,B7
2025-12-09 14:08:39.678660246,2025-12-09 14:33:39.678660246,short,20166.44,20170.79,NQ,1,27.0,11.0,B7
2025-12-10 10:53:06.551111677,2025-12-10 11:05:06.551111677,short,20168.06,20156.4,NQ,1,17.7,13.5,B8
2025-12-10 14:35:51.121391912,2025-12-10 14:52:51.121391912,long,20179.15,20166.04,NQ,1,21.2,13.5,A9
2025-12-11 15:07:49.311816829,2025-12-11 15:27:49.311816829,short,20196.99,20183.29,NQ,2,20.1,12.8,A9
2025-12-11 15:21:55.308482769,2025-12-11 15:48:55.308482769,long,20198.58,20185.11,NQ,1,22.4,12.8,B7
2025-12-12 09:52:50.938229807,2025-12-12 10:17:50.938229807,long,20193.39,20211.12,NQ,1,37.4,13.7,A10
2025-12-12 10:56:18.508602358,2025-12-12 11:20:18.508602358,long,20186.12,20171.56,NQ,1,24.3,13.7,B7
2025-12-15 09:54:30.649443232,2025-12-15 10:08:30.649443232,short,20150.49,20128.88,NQ,1,27.4,13.9,B8
2025-12-15 11:20:04.341162960,2025-12-15 11:34:04.341162960,long,20186.43,20196.11,NQ,1,35.0,13.9,A10
2025-12-18 10:44:48.817856059,2025-12-18 10:53:48.817856059,long,20163.23,20179.98,NQ,1,25.1,14.7,B7
2025-12-18 10:55:01.966925487,2025-12-18 10:59:01.966925487,short,20139.21,20147.79,NQ,1,19.5,14.7,B7
2025-12-18 14:35:19.544164765,2025-12-18 14:46:19.544164765,long,20165.24,20200.39,NQ,1,38.9,14.7,A10
2025-12-18 15:28:08.787523498,2025-12-18 15:45:08.787523498,long,20161.91,20179.37,NQ,2,14.4,14.7,B7
2025-12-19 14:13:21.431316019,2025-12-19 14:32:21.431316019,long,20136.98,20120.03,NQ,2,15.9,13.9,A9
2025-12-19 15:10:20.439800230,2025-12-19 15:33:20.439800230,short,20147.05,20132.73,NQ,1,20.8,13.9,A10
2025-12-22 10:51:40.097218177,2025-12-22 11:09:40.097218177,long,20131.17,20113.95,NQ,1,26.7,15.9,B7
2025-12-23 13:50:04.980419891,2025-12-23 14:00:04.980419891,short,20131.51,20143.41,NQ,2,21.9,16.0,B7
2025-12-23 15:03:50.877456202,2025-12-23 15:11:50.877456202,long,20145.66,20135.61,NQ,1,36.2,16.0,A10
2025-12-24 09:33:49.318217665,2025-12-24 10:05:49.318217665,short,20158.12,20180.59,NQ,1,18.3,17.1,B8
2025-12-24 11:15:15.490375949,2025-12-24 11:45:15.490375949,long,20158.22,20152.47,NQ,1,22.4,17.1,A9
2025-12-24 13:43:22.859630267,2025-12-24 13:59:22.859630267,long,20151.38,20131.7,NQ,1,17.4,17.1,B8
2025-12-26 09:37:02.498040693,2025-12-26 10:08:02.498040693,long,20225.19,20248.56,NQ,1,37.5,18.3,A10
2025-12-26 09:46:01.788758402,2025-12-26 10:02:01.788758402,short,20189.98,20218.36,NQ,1,27.3,18.3,B8
2025-12-26 15:09:18.911129827,2025-12-26 15:14:18.911129827,long,20211.18,20193.88,NQ,1,28.8,18.3,A9
2025-12-26 15:12:50.654519101,2025-12-26 15:33:50.654519101,short,20208.72,20180.62,NQ,1,25.7,18.3,B7
2025-12-29 11:07:38.993797084,2025-12-29 11:17:38.993797084,short,20210.53,20225.56,NQ,1,19.9,20.9,B8
2025-12-29 13:53:38.123161605,2025-12-29 14:06:38.123161605,long,20211.4,20230.97,NQ,1,32.6,20.9,A9
2025-12-29 14:41:13.119202432,2025-12-29 15:01:13.119202432,long,20218.06,20243.97,NQ,1,35.3,20.9,A9
2025-12-30 09:31:34.724832423,2025-12-30 09:37:34.724832423,short,20229.29,20217.12,NQ,2,29.0,25.3,B8
2025-12-30 15:08:39.997462167,2025-12-30 15:18:39.997462167,short,20233.61,20247.94,NQ,1,25.6,25.3,B7
2025-12-30 15:11:33.446688092,2025-12-30 15:20:33.446688092,long,20226.6,20240.57,NQ,1,31.7,25.3,B7
2025-12-31 10:38:57.919256305,2025-12-31 11:03:57.919256305,long,20236.81,20261.91,NQ,1,35.6,23.8,B7
2025-12-31 14:18:22.658858424,2025-12-31 14:34:22.658858424,long,20239.94,20225.79,NQ,1,20.8,23.8,B7
2026-01-02 11:00:02.394282999,2026-01-02 11:11:02.394282999,long,20235.37,20218.46,NQ,1,28.0,22.1,B8
2026-01-02 13:56:18.649722901,2026-01-02 14:25:18.649722901,short,20234.68,20240.22,NQ,1,36.2,22.1,B7
2026-01-02 14:21:52.412010101,2026-01-02 14:50:52.412010101,short,20252.89,20276.4,NQ,1,29.4,22.1,B8
2026-01-02 15:24:02.110657703,2026-01-02 15:38:02.110657703,short,20241.1,20252.46,NQ,1,19.4,22.1,B8
2026-01-05 09:38:21.402721553,2026-01-05 09:46:21.402721553,long,20222.86,20206.58,NQ,2,12.0,22.7,B8
2026-01-05 09:58:35.617676853,2026-01-05 10:28:35.617676853,short,20217.04,20187.59,NQ,1,26.6,22.7,B8
2026-01-05 10:51:28.645234054,2026-01-05 10:55:28.645234054,long,20246.69,20276.7,NQ,1,20.0,22.7,B7
2026-01-05 11:05:18.714156550,2026-01-05 11:20:18.714156550,short,20234.89,20245.46,NQ,2,30.5,22.7,B7
2026-01-07 09:53:41.145472957,2026-01-07 10:24:41.145472957,long,20250.86,20242.04,NQ,1,15.8,21.8,B7
2026-01-08 09:35:43.935303290,2026-01-08 10:02:43.935303290,long,20255.86,20236.56,NQ,1,17.5,20.3,B7
2026-01-08 13:32:08.178417867,2026-01-08 14:05:08.178417867,long,20252.28,20234.63,NQ,1,19.8,20.3,B7
2026-01-08 14:01:36.464051417,2026-01-08 14:22:36.464051417,long,20246.01,20283.51,NQ,1,29.7,20.3,A10
2026-01-08 15:03:23.006345045,2026-01-08 15:17:23.006345045,long,20252.59,20286.92,NQ,2,16.7,20.3,A9
2026-01-09 09:33:59.141532081,2026-01-09 09:55:59.141532081,short,20258.81,20274.76,NQ,2,23.0,19.9,B7
2026-01-12 11:23:13.097729363,2026-01-12 11:29:13.097729363,short,20257.05,20220.49,NQ,2,32.6,18.3,B8
2026-01-13 10:50:21.704225240,2026-01-13 10:54:21.704225240,short,20256.31,20229.62,NQ,1,30.4,17.7,B7
2026-01-13 13:48:16.223443244,2026-01-13 14:10:16.223443244,short,20265.72,20240.32,NQ,1,31.2,17.7,A9
2026-01-14 09:47:17.263989492,2026-01-14 09:53:17.263989492,short,20243.16,20223.53,NQ,2,23.6,19.2,B8
2026-01-14 14:21:07.291249695,2026-01-14 14:44:07.291249695,long,20248.52,20239.77,NQ,1,29.3,19.2,B8
2026-01-14 14:28:19.094212514,2026-01-14 14:51:19.094212514,long,20250.38,20269.76,NQ,1,42.3,19.2,B7
2026-01-14 14:38:40.754356872,2026-01-14 14:49:40.754356872,long,20243.81,20234.06,NQ,1,32.9,19.2,A9
2026-01-15 13:38:54.536019985,2026-01-15 14:07:54.536019985,long,20245.84,20272.54,NQ,1,25.7,18.4,A10
2026-01-15 14:24:46.723790495,2026-01-15 14:54:46.723790495,long,20259.2,20288.65,NQ,1,25.2,18.4,A10
2026-01-15 14:47:00.630358975,2026-01-15 14:57:00.630358975,short,20244.31,20229.16,NQ,1,33.8,18.4,B7
2026-01-15 15:22:20.967162200,2026-01-15 15:34:20.967162200,long,20229.17,20206.61,NQ,1,36.9,18.4,A10
2026-01-16 13:31:09.477895755,2026-01-16 14:01:09.477895755,long,20230.03,20252.34,NQ,1,17.9,19.1,B8
2026-01-16 14:57:29.552947530,2026-01-16 15:29:29.552947530,long,20250.2,20284.13,NQ,1,20.8,19.1,B8
2026-01-16 15:23:30.303521017,2026-01-16 15:36:30.303521017,short,20238.57,20216.57,NQ,1,28.9,19.1,B8
2026-01-19 10:40:37.003293027,2026-01-19 10:50:37.003293027,short,20236.39,20243.48,NQ,1,25.0,19.7,B7
2026-01-21 09:38:54.613174489,2026-01-21 10:11:54.613174489,long,20228.73,20249.32,NQ,1,16.4,18.4,A10
2026-01-21 10:39:09.362573750,2026-01-21 11:11:09.362573750,short,20223.17,20235.44,NQ,2,12.0,18.4,B8
2026-01-22 09:47:53.394588765,2026-01-22 09:54:53.394588765,long,20228.36,20249.99,NQ,2,28.7,17.4,B7
2026-01-22 10:56:06.820002212,2026-01-22 11:00:06.820002212,long,20257.72,20244.01,NQ,1,28.7,17.4,B8
2026-01-26 09:34:23.826074525,2026-01-26 09:59:23.826074525,short,20252.1,20266.89,NQ,1,28.9,18.3,B7
2026-01-26 09:39:07.028627942,2026-01-26 10:03:07.028627942,long,20262.45,20282.07,NQ,1,25.6,18.3,A10
2026-01-26 09:53:18.370307880,2026-01-26 10:01:18.370307880,short,20262.27,20252.42,NQ,2,17.9,18.3,A10
2026-01-26 14:41:07.299201269,2026-01-26 14:59:07.299201269,short,20233.89,20254.16,NQ,1,26.2,18.3,B7
2026-01-27 13:51:11.882371415,2026-01-27 14:24:11.882371415,long,20231.7,20244.5,NQ,1,15.1,20.6,B7
2026-01-27 14:07:07.235238399,2026-01-27 14:22:07.235238399,short,20218.36,20203.28,NQ,1,29.5,20.6,B7
2026-01-27 14:31:57.084160901,2026-01-27 14:42:57.084160901,short,20195.59,20214.68,NQ,1,26.0,20.6,B7
2026-01-27 15:13:16.105414472,2026-01-27 15:27:16.105414472,short,20229.44,20248.42,NQ,2,24.2,20.6,B7
2026-01-28 15:16:57.587494488,2026-01-28 15:48:57.587494488,short,20213.17,20234.56,NQ,1,37.1,19.4,B7
2026-01-29 09:46:31.081677495,2026-01-29 09:54:31.081677495,long,20224.77,20241.54,NQ,2,33.8,20.1,B8
2026-01-29 11:24:59.229440659,2026-01-29 11:51:59.229440659,short,20215.32,20232.26,NQ,1,29.1,20.1,B8
2026-01-30 09:57:06.421004168,2026-01-30 10:18:06.421004168,long,20224.49,20253.07,NQ,1,27.0,21.2,B7
2026-01-30 14:38:56.372427439,2026-01-30 14:58:56.372427439,long,20221.64,20252.34,NQ,1,38.1,21.2,B7
2026-02-02 09:45:35.286386129,2026-02-02 09:58:35.286386129,long,20243.52,20261.11,NQ,2,33.7,20.8,B7
2026-02-02 10:56:54.450648878,2026-02-02 11:15:54.450648878,long,20226.59,20204.0,NQ,1,28.4,20.8,A9
2026-02-02 14:33:43.048668036,2026-02-02 15:02:43.048668036,long,20222.73,20195.24,NQ,1,18.7,20.8,A9
2026-02-03 13:43:45.743404760,2026-02-03 13:58:45.743404760,short,20262.93,20287.7,NQ,2,32.0,21.0,B8
2026-02-03 14:31:15.615445413,2026-02-03 14:50:15.615445413,long,20253.71,20261.76,NQ,1,20.7,21.0,A10
2026-02-04 11:18:04.487909554,2026-02-04 11:29:04.487909554,long,20242.11,20228.83,NQ,2,26.5,20.1,B8
2026-02-04 13:52:28.926561460,2026-02-04 14:02:28.926561460,short,20248.38,20235.89,NQ,1,21.2,20.1,A10
2026-02-05 14:37:34.103462515,2026-02-05 14:42:34.103462515,long,20231.28,20246.17,NQ,1,14.9,20.4,B8
2026-02-05 15:13:01.591962430,2026-02-05 15:20:01.591962430,long,20250.71,20237.1,NQ,1,12.0,20.4,A10
2026-02-06 14:43:07.989099048,2026-02-06 15:14:07.989099048,long,20232.57,20206.53,NQ,1,41.7,20.3,B8
2026-02-09 11:07:12.173848105,2026-02-09 11:13:12.173848105,long,20231.39,20256.99,NQ,1,20.2,22.3,B7
2026-02-10 09:39:05.568250699,2026-02-10 10:08:05.568250699,long,20233.48,20241.61,NQ,1,28.8,21.3,A9
2026-02-12 09:31:50.097524225,2026-02-12 09:45:50.097524225,long,20242.81,20221.34,NQ,2,22.4,17.9,B7
2026-02-12 11:06:51.385802699,2026-02-12 11:13:51.385802699,long,20213.85,20234.31,NQ,1,25.7,17.9,A10
2026-02-13 09:51:46.057794909,2026-02-13 09:55:46.057794909,short,20232.24,20213.71,NQ,1,18.9,20.0,B7
2026-02-13 11:03:18.508764179,2026-02-13 11:37:18.508764179,long,20259.61,20242.11,NQ,2,28.5,20.0,B7
2026-02-16 13:32:36.895624559,2026-02-16 13:58:36.895624559,long,20242.83,20238.64,NQ,1,16.5,21.3,A9
2026-02-16 14:02:17.586738672,2026-02-16 14:30:17.586738672,long,20229.71,20202.56,NQ,1,24.6,21.3,B7
2026-02-16 14:06:35.136934697,2026-02-16 14:35:35.136934697,short,20235.15,20254.93,NQ,2,23.1,21.3,B7
2026-02-16 14:07:09.492817761,2026-02-16 14:32:09.492817761,long,20234.66,20259.04,NQ,2,26.1,21.3,A10
2026-02-18 09:32:54.104704447,2026-02-18 09:58:54.104704447,long,20229.24,20257.89,NQ,1,16.8,21.3,B7
2026-02-18 09:48:51.991950258,2026-02-18 10:21:51.991950258,short,20231.71,20248.4,NQ,2,28.1,21.3,B7
2026-02-18 09:58:55.960174328,2026-02-18 10:16:55.960174328,short,20220.97,20233.81,NQ,1,20.5,21.3,A10
2026-02-18 15:18:32.058734173,2026-02-18 15:33:32.058734173,long,20235.76,20213.6,NQ,1,23.7,21.3,B7
2026-02-20 09:48:45.633019573,2026-02-20 10:14:45.633019573,long,20215.3,20224.31,NQ,1,31.8,17.5,B7
2026-02-20 09:54:59.497473103,2026-02-20 10:04:59.497473103,long,20222.12,20247.71,NQ,1,15.7,17.5,B7
2026-02-20 11:25:44.584318318,2026-02-20 11:44:44.584318318,short,20219.54,20227.11,NQ,2,18.7,17.5,B7
2026-02-23 09:43:25.801573145,2026-02-23 10:00:25.801573145,long,20201.16,20183.75,NQ,1,18.5,18.2,B7
2026-02-23 14:15:33.280043952,2026-02-23 14:44:33.280043952,long,20210.49,20233.87,NQ,1,34.6,18.2,A9
2026-02-24 09:36:09.281015577,2026-02-24 10:04:09.281015577,short,20190.07,20216.01,NQ,1,18.5,18.1,A9
2026-02-24 09:44:16.308609616,2026-02-24 10:07:16.308609616,long,20178.45,20194.42,NQ,1,23.6,18.1,B7
2026-02-24 10:57:37.832122437,2026-02-24 11:21:37.832122437,long,20180.77,20212.79,NQ,1,17.9,18.1,B7
2026-02-24 14:09:05.705539006,2026-02-24 14:22:05.705539006,long,20179.82,20195.7,NQ,1,37.7,18.1,B7
2026-02-25 09:50:13.976343102,2026-02-25 10:07:13.976343102,long,20173.57,20197.01,NQ,1,23.3,19.8,B7
2026-02-25 14:02:55.944602361,2026-02-25 14:24:55.944602361,short,20174.67,20184.79,NQ,1,39.8,19.8,A9
2026-02-25 15:17:40.858980656,2026-02-25 15:21:40.858980656,long,20177.05,20203.88,NQ,2,28.5,19.8,B7
2026-02-25 15:29:06.397573170,2026-02-25 15:36:06.397573170,long,20177.02,20203.51,NQ,1,18.5,19.8,B8
2026-02-27 09:47:00.345072615,2026-02-27 10:08:00.345072615,long,20166.84,20186.67,NQ,2,18.6,19.8,A9
2026-02-27 13:47:13.066094703,2026-02-27 14:01:13.066094703,long,20169.43,20155.19,NQ,1,17.6,19.8,A9
2026-02-27 14:10:26.971231448,2026-02-27 14:14:26.971231448,short,20173.73,20152.31,NQ,2,32.4,19.8,B8
2026-03-03 10:44:36.895896391,2026-03-03 11:00:36.895896391,long,20199.49,20177.04,NQ,1,17.9,22.0,A10
2026-03-03 13:32:17.119383027,2026-03-03 13:38:17.119383027,long,20193.41,20215.22,NQ,1,24.9,22.0,B8
2026-03-04 09:53:16.997342244,2026-03-04 10:02:16.997342244,long,20193.15,20183.44,NQ,1,20.6,22.2,B7
2026-03-04 11:08:03.830215634,2026-03-04 11:22:03.830215634,long,20204.67,20222.13,NQ,2,19.4,22.2,B7
2026-03-04 14:26:43.733980910,2026-03-04 14:34:43.733980910,short,20198.34,20206.62,NQ,1,33.3,22.2,A9
2026-03-04 15:00:16.296950411,2026-03-04 15:26:16.296950411,long,20204.67,20233.86,NQ,1,16.6,22.2,A9
2026-03-05 14:45:53.888730104,2026-03-05 15:19:53.888730104,long,20198.34,20210.87,NQ,2,25.6,23.4,B7
2026-03-06 10:44:57.449609883,2026-03-06 11:10:57.449609883,long,20204.08,20183.51,NQ,1,26.4,24.4,A9
2026-03-06 10:53:58.913177951,2026-03-06 11:13:58.913177951,short,20209.19,20182.81,NQ,1,24.5,24.4,B8
2026-03-06 11:27:39.324858004,2026-03-06 11:42:39.324858004,long,20221.75,20205.18,NQ,1,24.5,24.4,B8
2026-03-06 13:45:47.517912431,2026-03-06 14:15:47.517912431,long,20193.47,20216.52,NQ,1,20.9,24.4,A9
2026-03-09 09:45:38.725431654,2026-03-09 10:16:38.725431654,long,20210.27,20231.83,NQ,1,30.3,27.1,B8
2026-03-10 10:42:53.282990285,2026-03-10 11:07:53.282990285,long,20209.45,20236.05,NQ,1,32.8,26.8,A9
2026-03-10 14:18:29.222007214,2026-03-10 14:38:29.222007214,short,20218.83,20195.06,NQ,2,29.7,26.8,A9
2026-03-10 14:21:39.389992428,2026-03-10 14:47:39.389992428,long,20202.88,20210.44,NQ,1,12.0,26.8,B7
2026-03-11 10:31:41.236905115,2026-03-11 10:36:41.236905115,long,20209.61,20227.67,NQ,1,46.2,26.8,A10
2026-03-11 11:26:34.090203422,2026-03-11 11:45:34.090203422,long,20231.53,20214.0,NQ,1,24.3,26.8,A9
2026-03-11 13:51:42.220511652,2026-03-11 13:55:42.220511652,long,20221.78,20252.23,NQ,2,35.1,26.8,A9
2026-03-11 15:29:52.705072321,2026-03-11 16:00:52.705072321,short,20226.39,20232.76,NQ,2,25.5,26.8,B7
2026-03-12 13:55:17.426303948,2026-03-12 14:22:17.426303948,long,20215.5,20253.39,NQ,1,27.9,25.0,B8
2026-03-13 11:12:43.384555222,2026-03-13 11:23:43.384555222,short,20211.76,20227.31,NQ,1,29.2,26.1,B8
2026-03-13 11:27:39.153713600,2026-03-13 11:37:39.153713600,long,20222.68,20234.88,NQ,1,30.6,26.1,B8
2026-03-13 14:37:29.969753306,2026-03-13 15:11:29.969753306,short,20216.33,20189.56,NQ,1,30.2,26.1,B8
2026-03-13 14:46:35.726975401,2026-03-13 15:12:35.726975401,long,20233.23,20259.98,NQ,1,21.3,26.1,A10
2026-03-16 11:29:24.224582015,2026-03-16 11:56:24.224582015,long,20214.76,20239.16,NQ,1,31.2,26.9,B7
2026-03-16 13:57:11.296417131,2026-03-16 14:01:11.296417131,short,20211.78,20174.44,NQ,1,22.1,26.9,B8
2026-03-16 14:36:07.642222068,2026-03-16 14:49:07.642222068,short,20235.45,20237.45,NQ,1,24.7,26.9,B7
2026-03-17 14:27:35.767585219,2026-03-17 14:47:35.767585219,long,20273.08,20268.87,NQ,2,18.9,28.7,A9
2026-03-18 11:17:44.824000970,2026-03-18 11:38:44.824000970,long,20267.76,20245.2,NQ,2,31.0,27.3,B7
2026-03-19 10:41:11.851911703,2026-03-19 10:56:11.851911703,short,20277.06,20292.75,NQ,1,27.2,29.3,A9
2026-03-23 09:30:45.275828409,2026-03-23 09:57:45.275828409,long,20264.16,20243.3,NQ,2,21.3,31.4,A9
2026-03-23 14:13:24.500653571,2026-03-23 14:45:24.500653571,long,20252.65,20275.74,NQ,2,18.4,31.4,B8
2026-03-23 14:19:50.988442599,2026-03-23 14:40:50.988442599,short,20242.77,20222.83,NQ,1,22.1,31.4,B7
2026-03-25 09:34:30.095855255,2026-03-25 09:56:30.095855255,long,20228.94,20215.86,NQ,1,13.9,33.3,B8
2026-03-26 11:02:10.007792403,2026-03-26 11:19:10.007792403,long,20219.59,20234.92,NQ,1,34.4,33.1,A10
2026-03-26 11:19:27.215390095,2026-03-26 11:23:27.215390095,short,20212.4,20245.67,NQ,2,23.6,33.1,B8
2026-03-31 13:35:02.102686949,2026-03-31 13:52:02.102686949,short,20206.72,20223.9,NQ,2,18.9,31.3,B8
2026-04-01 11:08:23.495561656,2026-04-01 11:31:23.495561656,long,20212.8,20198.46,NQ,1,21.0,30.1,B8
2026-04-02 11:05:34.709117452,2026-04-02 11:15:34.709117452,long,20200.23,20177.24,NQ,2,16.0,30.1,B7
2026-04-03 09:45:25.518993084,2026-04-03 10:17:25.518993084,short,20172.13,20150.61,NQ,1,23.9,32.4,B7
2026-04-03 13:52:20.785308278,2026-04-03 14:08:20.785308278,long,20161.72,20145.72,NQ,1,19.5,32.4,B8
2026-04-03 14:55:51.153418355,2026-04-03 15:21:51.153418355,long,20198.86,20206.13,NQ,1,34.0,32.4,A9
2026-04-06 11:07:14.352032566,2026-04-06 11:32:14.352032566,long,20159.34,20155.44,NQ,1,18.6,33.0,A9
2026-04-06 13:53:53.483535638,2026-04-06 14:15:53.483535638,short,20152.81,20129.79,NQ,1,16.1,33.0,B7
2026-04-06 14:26:59.087083300,2026-04-06 14:50:59.087083300,long,20163.35,20141.9,NQ,1,34.6,33.0,B8
2026-04-08 09:40:49.278930917,2026-04-08 09:53:49.278930917,long,20161.53,20159.17,NQ,2,20.0,31.3,B7
2026-04-08 09:55:18.570443418,2026-04-08 10:23:18.570443418,long,20150.19,20166.07,NQ,1,33.0,31.3,B7
2026-04-08 15:01:45.788243153,2026-04-08 15:06:45.788243153,short,20161.18,20162.89,NQ,1,23.0,31.3,B8
2026-04-10 09:39:40.499736816,2026-04-10 09:45:40.499736816,short,20146.52,20124.55,NQ,2,29.9,31.8,B7
2026-04-10 10:46:33.847286750,2026-04-10 11:13:33.847286750,long,20145.48,20136.45,NQ,1,23.7,31.8,A9
2026-04-10 10:48:17.757737062,2026-04-10 11:17:17.757737062,long,20171.01,20190.77,NQ,2,24.5,31.8,B8
2026-04-10 11:26:27.343159312,2026-04-10 11:31:27.343159312,short,20156.24,20129.22,NQ,1,26.5,31.8,B8
2026-04-13 09:40:35.133499313,2026-04-13 09:56:35.133499313,short,20162.77,20150.36,NQ,1,27.4,33.2,A9
2026-04-13 09:50:15.162307934,2026-04-13 10:01:15.162307934,long,20173.44,20189.56,NQ,1,25.6,33.2,B7
2026-04-13 14:11:46.274296240,2026-04-13 14:29:46.274296240,short,20167.47,20179.84,NQ,1,30.1,33.2,B7
2026-04-13 14:52:42.132470207,2026-04-13 14:56:42.132470207,long,20169.36,20151.26,NQ,1,15.2,33.2,B7
2026-04-14 09:47:34.030213204,2026-04-14 10:17:34.030213204,short,20133.26,20102.82,NQ,1,28.4,33.8,B7
2026-04-14 09:59:29.721873917,2026-04-14 10:14:29.721873917,short,20162.13,20177.35,NQ,1,29.8,33.8,B7
2026-04-14 10:33:11.534648961,2026-04-14 11:04:11.534648961,long,20141.66,20179.26,NQ,2,31.5,33.8,B8
2026-04-15 10:31:57.446206962,2026-04-15 10:36:57.446206962,short,20113.89,20076.95,NQ,1,22.4,33.5,B7
2026-04-15 14:53:27.091482756,2026-04-15 15:15:27.091482756,long,20094.62,20113.56,NQ,2,23.1,33.5,A9
2026-04-17 14:06:41.230023538,2026-04-17 14:40:41.230023538,long,20113.29,20129.24,NQ,1,22.8,31.8,B7
2026-04-17 14:36:25.527373636,2026-04-17 15:09:25.527373636,short,20094.91,20068.51,NQ,1,27.8,31.8,B8
2026-04-17 14:46:05.839976007,2026-04-17 14:59:05.839976007,long,20113.16,20139.04,NQ,1,18.2,31.8,A9
2026-04-20 10:58:49.796938565,2026-04-20 11:28:49.796938565,long,20120.03,20140.38,NQ,2,12.4,30.7,B8
2026-04-20 13:38:24.448521698,2026-04-20 14:00:24.448521698,long,20112.88,20110.63,NQ,1,32.9,30.7,A9
2026-04-21 09:49:27.633461972,2026-04-21 10:21:27.633461972,long,20122.66,20139.59,NQ,1,28.6,29.9,A9
2026-04-21 11:09:58.634545233,2026-04-21 11:35:58.634545233,short,20147.84,20130.48,NQ,1,29.6,29.9,B7
2026-04-22 09:42:47.451427356,2026-04-22 10:08:47.451427356,long,20135.54,20145.06,NQ,1,19.3,30.6,B7
2026-04-22 13:46:14.644186656,2026-04-22 14:17:14.644186656,short,20112.89,20101.03,NQ,1,32.5,30.6,B7
2026-04-22 14:15:38.313648362,2026-04-22 14:42:38.313648362,short,20135.37,20121.21,NQ,2,32.1,30.6,B8
2026-04-23 09:38:56.658673971,2026-04-23 09:56:56.658673971,long,20123.78,20150.37,NQ,1,37.4,30.4,B8
2026-04-23 09:50:20.422914018,2026-04-23 10:07:20.422914018,long,20100.91,20116.4,NQ,1,28.0,30.4,B8
2026-04-24 10:41:47.528410454,2026-04-24 11:01:47.528410454,long,20081.06,20095.8,NQ,1,19.2,31.4,B7
2026-04-27 11:01:54.466273008,2026-04-27 11:06:54.466273008,long,20084.81,20117.43,NQ,2,28.5,31.2,A10
2026-04-27 14:52:26.782883312,2026-04-27 15:16:26.782883312,long,20077.33,20054.34,NQ,1,23.9,31.2,B8
2026-04-27 15:27:24.570220310,2026-04-27 15:33:24.570220310,short,20090.11,20063.86,NQ,1,23.4,31.2,A9
2026-04-28 09:59:33.471795122,2026-04-28 10:31:33.471795122,long,20071.76,20087.71,NQ,1,16.5,33.3,A9
2026-04-28 13:30:59.248890709,2026-04-28 13:40:59.248890709,short,20070.71,20090.16,NQ,1,24.9,33.3,A9
2026-04-28 14:36:23.787995742,2026-04-28 14:53:23.787995742,long,20075.84,20064.45,NQ,1,20.3,33.3,B7
2026-04-28 15:24:15.876654726,2026-04-28 15:34:15.876654726,short,20051.23,20023.71,NQ,2,29.5,33.3,A9
2026-04-29 09:32:03.014961192,2026-04-29 10:01:03.014961192,long,20080.38,20065.4,NQ,1,22.8,33.9,B8
2026-04-29 13:49:51.920198356,2026-04-29 14:19:51.920198356,long,20099.66,20129.7,NQ,2,20.8,33.9,A10
2026-04-29 13:51:22.378668190,2026-04-29 14:17:22.378668190,long,20095.85,20113.63,NQ,1,27.8,33.9,B7
2026-04-29 14:26:22.470334981,2026-04-29 14:35:22.470334981,short,20104.24,20078.34,NQ,1,26.8,33.9,B7
2026-04-30 09:50:42.121503735,2026-04-30 10:07:42.121503735,long,20108.06,20088.11,NQ,1,15.8,33.1,A9
2026-04-30 14:28:27.186011181,2026-04-30 14:48:27.186011181,long,20100.97,20077.41,NQ,2,28.0,33.1,A9
2026-05-01 09:30:48.840452305,2026-05-01 10:03:48.840452305,long,20100.15,20120.08,NQ,1,17.3,34.0,A9
2026-05-01 09:33:31.574077686,2026-05-01 09:59:31.574077686,short,20111.22,20105.22,NQ,1,17.2,34.0,B7
2026-05-01 10:55:38.182261630,2026-05-01 11:13:38.182261630,long,20115.31,20134.41,NQ,1,30.9,34.0,B8
2026-05-01 15:23:50.489521589,2026-05-01 15:29:50.489521589,short,20106.2,20066.85,NQ,1,27.6,34.0,B8
2026-05-04 10:37:31.526581459,2026-05-04 11:08:31.526581459,short,20096.59,20081.86,NQ,1,23.7,33.5,A10
2026-05-04 15:11:57.440019705,2026-05-04 15:29:57.440019705,long,20108.36,20099.18,NQ,1,29.2,33.5,B7
2026-05-05 11:13:02.372661835,2026-05-05 11:20:02.372661835,long,20119.4,20132.94,NQ,1,31.1,34.0,B8
2026-05-05 14:04:41.425293437,2026-05-05 14:24:41.425293437,short,20113.44,20086.02,NQ,1,28.4,34.0,B7
2026-05-05 14:42:11.240230008,2026-05-05 15:07:11.240230008,short,20085.46,20065.41,NQ,2,42.2,34.0,B8
2026-05-05 15:23:07.817600396,2026-05-05 15:39:07.817600396,short,20105.06,20126.95,NQ,2,14.2,34.0,B7
2026-05-06 11:09:45.491787591,2026-05-06 11:31:45.491787591,long,20098.5,20123.57,NQ,1,32.5,34.0,A9
2026-05-06 14:14:41.768747211,2026-05-06 14:34:41.768747211,long,20113.91,20102.96,NQ,2,36.7,34.0,A9
2026-05-06 15:16:06.002711769,2026-05-06 15:21:06.002711769,short,20110.87,20137.98,NQ,1,37.3,34.0,A9
2026-05-06 15:29:56.342145458,2026-05-06 15:41:56.342145458,short,20095.85,20065.38,NQ,1,25.4,34.0,A9
2026-05-07 09:40:04.386432013,2026-05-07 10:03:04.386432013,long,20115.5,20093.66,NQ,2,16.0,34.0,B7
2026-05-07 13:46:19.547386315,2026-05-07 13:52:19.547386315,short,20106.21,20079.51,NQ,2,22.7,34.0,B7
2026-05-08 14:45:18.560705146,2026-05-08 14:50:18.560705146,long,20092.18,20126.19,NQ,1,18.3,32.2,A9
2026-05-08 15:01:35.674723367,2026-05-08 15:27:35.674723367,short,20098.78,20083.22,NQ,1,23.2,32.2,B7
2026-05-11 09:44:04.848518886,2026-05-11 10:10:04.848518886,long,20103.58,20088.08,NQ,1,25.0,34.0,A10
2026-05-11 11:05:45.187535985,2026-05-11 11:33:45.187535985,short,20096.42,20115.85,NQ,1,14.6,34.0,B7
2026-05-11 13:45:03.583903181,2026-05-11 13:49:03.583903181,short,20092.47,20103.11,NQ,1,25.0,34.0,B8
2026-05-12 13:45:33.236341887,2026-05-12 13:58:33.236341887,long,20083.52,20066.74,NQ,1,28.6,33.3,B8
2026-05-13 14:21:48.738124930,2026-05-13 14:55:48.738124930,long,20067.88,20057.58,NQ,1,27.4,34.0,B8
2026-05-14 09:47:33.291091114,2026-05-14 10:06:33.291091114,long,20056.85,20078.31,NQ,2,40.2,34.0,B7
2026-05-14 10:36:07.931580593,2026-05-14 10:49:07.931580593,long,20046.94,20036.59,NQ,2,30.0,34.0,A10
2026-05-14 13:31:59.702383413,2026-05-14 13:42:59.702383413,long,20055.55,20102.59,NQ,1,27.4,34.0,A9
2026-05-14 15:08:19.482391220,2026-05-14 15:26:19.482391220,long,20048.11,20077.5,NQ,1,31.3,34.0,B7
2026-05-15 09:40:07.920546157,2026-05-15 10:00:07.920546157,long,20026.49,20049.8,NQ,1,26.9,33.3,B7
2026-05-15 09:41:32.830484022,2026-05-15 10:10:32.830484022,long,20047.54,20027.51,NQ,1,18.0,33.3,B8
2026-05-15 15:01:23.205171560,2026-05-15 15:15:23.205171560,long,20026.25,20014.84,NQ,1,29.4,33.3,B7
2026-05-19 13:56:49.545628715,2026-05-19 14:16:49.545628715,long,20033.5,20066.47,NQ,2,34.2,33.0,B7
2026-05-19 14:45:56.550029359,2026-05-19 14:53:56.550029359,long,20039.91,20022.37,NQ,2,24.9,33.0,B8
2026-05-19 14:57:17.618563481,2026-05-19 15:31:17.618563481,long,20027.1,20048.85,NQ,1,26.8,33.0,B8
2026-05-20 09:42:20.259998398,2026-05-20 10:15:20.259998398,short,20034.54,20020.03,NQ,2,27.2,31.5,A9
2026-05-20 10:30:01.426431479,2026-05-20 10:42:01.426431479,short,20019.1,19994.61,NQ,1,16.7,31.5,A9
2026-05-20 14:59:19.163585251,2026-05-20 15:24:19.163585251,short,20028.62,20014.05,NQ,1,13.4,31.5,B7
2026-05-20 15:02:56.950686382,2026-05-20 15:18:56.950686382,long,20032.25,20054.15,NQ,1,21.2,31.5,B8
2026-05-21 13:56:44.397277734,2026-05-21 14:25:44.397277734,long,20019.39,20044.25,NQ,2,29.1,30.7,A10
2026-05-21 14:13:14.384206400,2026-05-21 14:47:14.384206400,long,20011.78,20047.52,NQ,1,30.0,30.7,B8
2026-05-21 14:58:36.739845170,2026-05-21 15:25:36.739845170,short,20024.35,20045.94,NQ,2,13.4,30.7,A10
2026-05-22 14:06:12.451080992,2026-05-22 14:24:12.451080992,long,20027.6,20044.19,NQ,1,39.7,29.5,A10
2026-05-22 14:19:03.980051611,2026-05-22 14:33:03.980051611,short,20033.42,20020.67,NQ,1,28.4,29.5,B8
2026-05-25 09:39:11.367796201,2026-05-25 09:50:11.367796201,short,20043.27,20061.05,NQ,1,16.9,28.1,B8
2026-05-25 09:58:43.251779774,2026-05-25 10:22:43.251779774,long,20045.44,20027.43,NQ,1,34.4,28.1,A10
2026-05-25 14:02:06.830909863,2026-05-25 14:22:06.830909863,short,20042.06,20054.76,NQ,1,14.2,28.1,A9
2026-05-26 09:55:58.490290861,2026-05-26 10:08:58.490290861,short,20062.47,20045.29,NQ,1,14.0,29.3,A9
2026-05-26 11:12:01.585148316,2026-05-26 11:20:01.585148316,long,20069.28,20091.25,NQ,1,14.3,29.3,B7
2026-05-28 09:33:08.984838197,2026-05-28 09:48:08.984838197,long,20058.46,20077.51,NQ,2,20.2,28.1,B8
2026-05-29 09:42:18.093285967,2026-05-29 09:49:18.093285967,short,20058.73,20043.42,NQ,2,28.0,28.4,B7
2026-05-29 10:38:31.807459586,2026-05-29 10:57:31.807459586,long,20033.09,20021.64,NQ,1,30.1,28.4,A9
2026-05-29 14:51:16.974628733,2026-05-29 14:59:16.974628733,long,20048.09,20065.72,NQ,1,19.4,28.4,A9
2026-05-29 15:18:01.685368215,2026-05-29 15:30:01.685368215,long,20038.48,20056.3,NQ,1,29.2,28.4,B7
2026-06-01 11:27:05.401889644,2026-06-01 11:51:05.401889644,short,20005.91,20010.36,NQ,1,29.1,31.2,B7
2026-06-01 13:50:38.552597503,2026-06-01 14:15:38.552597503,short,19996.59,20015.57,NQ,1,34.5,31.2,B8
2026-06-01 15:21:30.334332231,2026-06-01 15:28:30.334332231,long,20030.73,20030.48,NQ,1,16.6,31.2,B7
2026-06-02 09:35:21.625802913,2026-06-02 09:42:21.625802913,long,19979.94,19965.37,NQ,1,20.4,30.6,B7
2026-06-02 11:28:32.551195862,2026-06-02 11:38:32.551195862,long,19982.73,19972.48,NQ,1,30.2,30.6,A9
2026-06-02 14:05:46.233055094,2026-06-02 14:18:46.233055094,long,19980.15,19961.14,NQ,1,20.3,30.6,B7
2026-06-02 14:34:23.966857289,2026-06-02 15:01:23.966857289,long,19988.39,19973.75,NQ,1,32.2,30.6,B8
2026-06-04 09:30:01.603721452,2026-06-04 09:58:01.603721452,short,19962.89,19925.96,NQ,1,32.7,31.8,A9
2026-06-04 09:48:39.872294475,2026-06-04 10:21:39.872294475,short,19990.98,20005.04,NQ,1,37.7,31.8,B8
2026-06-05 15:05:18.937197534,2026-06-05 15:29:18.937197534,short,19976.49,19942.67,NQ,2,20.5,32.3,B8
2026-06-08 13:51:34.017397633,2026-06-08 14:14:34.017397633,short,19983.41,19968.57,NQ,2,33.1,32.1,B7
2026-06-09 13:47:06.209730355,2026-06-09 14:15:06.209730355,long,19982.86,20007.11,NQ,1,32.1,33.3,B8
2026-06-10 09:34:20.736610596,2026-06-10 09:59:20.736610596,long,19985.61,20003.48,NQ,1,23.7,32.2,A9
2026-06-10 11:03:53.364418722,2026-06-10 11:34:53.364418722,long,19991.03,20019.11,NQ,1,25.6,32.2,B8
2026-06-10 13:43:03.596089138,2026-06-10 13:56:03.596089138,long,19986.36,19999.51,NQ,2,18.1,32.2,A10
2026-06-11 14:13:00.073530678,2026-06-11 14:37:00.073530678,long,19996.13,20021.07,NQ,1,27.1,31.9,A9
2026-06-11 14:30:19.217739164,2026-06-11 14:47:19.217739164,short,19988.35,19956.88,NQ,2,22.5,31.9,B7
2026-06-12 09:48:21.246674437,2026-06-12 09:58:21.246674437,long,19988.44,19966.24,NQ,1,27.9,30.0,A9
2026-06-12 11:27:00.090231737,2026-06-12 11:33:00.090231737,long,19980.0,19998.78,NQ,1,45.7,30.0,A10
2026-06-12 14:00:37.784559158,2026-06-12 14:24:37.784559158,long,19980.22,19992.02,NQ,1,32.3,30.0,B7
2026-06-12 14:11:27.200198586,2026-06-12 14:37:27.200198586,long,19993.24,20023.21,NQ,2,20.9,30.0,B8
2026-06-15 14:40:26.632279143,2026-06-15 15:06:26.632279143,long,20002.54,19992.72,NQ,1,24.9,30.7,B7
2026-06-16 09:53:50.257959139,2026-06-16 09:58:50.257959139,long,20012.59,20021.68,NQ,1,30.6,32.0,B8
2026-06-16 14:05:30.972295072,2026-06-16 14:37:30.972295072,short,19994.13,19981.22,NQ,1,31.0,32.0,B8
2026-06-16 14:42:04.552294598,2026-06-16 15:02:04.552294598,short,20000.81,19981.59,NQ,1,14.7,32.0,B7
2026-06-16 15:17:31.392895331,2026-06-16 15:22:31.392895331,short,19981.1,19985.54,NQ,1,20.6,32.0,B7
2026-06-17 09:33:57.970894916,2026-06-17 09:56:57.970894916,short,20019.81,19990.63,NQ,1,20.6,33.3,B7
2026-06-17 09:50:53.356752427,2026-06-17 10:23:53.356752427,long,20000.26,20038.9,NQ,1,28.3,33.3,A9
2026-06-17 11:21:22.682978783,2026-06-17 11:25:22.682978783,short,19997.3,20032.06,NQ,2,25.2,33.3,B7
2026-06-17 13:39:59.232409939,2026-06-17 13:59:59.232409939,long,20022.55,20033.45,NQ,2,33.2,33.3,A10
2026-06-18 09:51:23.060468227,2026-06-18 10:20:23.060468227,long,20022.51,20046.64,NQ,2,16.0,33.8,A9
2026-06-18 14:02:49.610954347,2026-06-18 14:23:49.610954347,long,20028.43,20040.04,NQ,2,22.8,33.8,A9
2026-06-19 11:29:36.021317448,2026-06-19 11:38:36.021317448,long,19993.92,20011.5,NQ,1,33.0,34.0,A10
2026-06-19 14:04:38.353258558,2026-06-19 14:25:38.353258558,short,20029.16,20013.75,NQ,1,36.6,34.0,B7
2026-06-19 14:53:19.130114666,2026-06-19 15:05:19.130114666,long,19978.78,19969.22,NQ,1,25.2,34.0,B8
2026-06-19 15:13:25.517043872,2026-06-19 15:33:25.517043872,long,20008.19,19990.33,NQ,2,26.0,34.0,B7
2026-06-22 14:32:25.534138707,2026-06-22 15:02:25.534138707,short,19997.73,19980.5,NQ,1,29.2,34.0,B7
2026-06-23 09:55:51.157827419,2026-06-23 10:24:51.157827419,short,20001.04,19973.77,NQ,1,31.1,32.6,B7
2026-06-23 10:49:10.599288614,2026-06-23 11:13:10.599288614,short,19991.05,20007.03,NQ,1,27.5,32.6,B8
2026-06-23 11:22:23.987121300,2026-06-23 11:26:23.987121300,long,19986.42,19971.89,NQ,1,24.2,32.6,A10
2026-06-23 11:25:14.240481972,2026-06-23 11:29:14.240481972,short,19985.72,19948.77,NQ,2,28.0,32.6,B7
2026-06-24 09:44:08.023201165,2026-06-24 10:04:08.023201165,long,19985.86,19973.4,NQ,2,31.4,31.8,A10
2026-06-24 14:00:27.063609726,2026-06-24 14:28:27.063609726,short,19967.27,19950.06,NQ,1,34.3,31.8,A9
2026-06-25 11:09:15.036055609,2026-06-25 11:20:15.036055609,short,19960.3,19959.14,NQ,1,35.5,32.1,B7
2026-06-25 14:07:10.881701304,2026-06-25 14:18:10.881701304,short,19960.59,19939.12,NQ,1,27.5,32.1,B8
2026-06-26 09:40:35.887245545,2026-06-26 09:45:35.887245545,long,19940.78,19926.6,NQ,1,40.5,31.1,B7
2026-06-26 10:36:54.274475462,2026-06-26 10:42:54.274475462,long,19952.52,19971.94,NQ,1,24.4,31.1,A10
2026-06-26 13:54:36.497657921,2026-06-26 14:28:36.497657921,short,19916.09,19874.5,NQ,1,19.1,31.1,B7
2026-06-26 15:02:06.000712498,2026-06-26 15:14:06.000712498,long,19950.09,19979.76,NQ,1,31.9,31.1,B7
2026-06-30 15:05:50.811373475,2026-06-30 15:12:50.811373475,short,19917.25,19890.97,NQ,2,25.6,28.4,A9
2026-07-01 09:46:01.171502104,2026-07-01 09:56:01.171502104,short,19916.62,19893.41,NQ,2,23.5,26.4,A10
2026-07-02 09:33:49.982977121,2026-07-02 09:56:49.982977121,long,19925.45,19942.18,NQ,1,23.0,27.5,B7
2026-07-02 09:53:06.792596076,2026-07-02 10:27:06.792596076,short,19930.9,19909.16,NQ,1,19.1,27.5,A9
2026-07-02 10:53:02.212008631,2026-07-02 10:58:02.212008631,long,19917.67,19885.61,NQ,1,18.0,27.5,A10
2026-07-02 14:58:07.040854281,2026-07-02 15:03:07.040854281,long,19926.2,19940.82,NQ,1,20.8,27.5,B8
2026-07-03 15:26:15.476827678,2026-07-03 15:30:15.476827678,long,19929.51,19913.67,NQ,2,35.5,28.5,B7
2026-07-06 09:50:21.832145272,2026-07-06 10:08:21.832145272,long,19915.93,19930.34,NQ,1,35.6,28.8,B7
2026-07-06 10:41:34.683728002,2026-07-06 11:09:34.683728002,long,19918.89,19939.31,NQ,1,17.3,28.8,B7
2026-07-06 14:17:29.916334005,2026-07-06 14:45:29.916334005,short,19916.07,19902.56,NQ,1,25.3,28.8,A10
2026-07-06 14:50:00.224549390,2026-07-06 15:10:00.224549390,long,19917.43,19933.25,NQ,1,24.0,28.8,A10
2026-07-07 09:32:09.971330381,2026-07-07 09:56:09.971330381,short,19915.18,19897.88,NQ,2,22.9,28.1,B8
2026-07-07 09:50:17.972870604,2026-07-07 10:01:17.972870604,long,19903.54,19934.71,NQ,1,20.8,28.1,A10
2026-07-08 13:42:28.385217074,2026-07-08 14:09:28.385217074,short,19894.53,19917.37,NQ,1,23.0,28.8,B7
2026-07-08 14:24:50.551047238,2026-07-08 14:35:50.551047238,long,19894.28,19879.54,NQ,1,12.0,28.8,B7
2026-07-08 14:30:37.455379416,2026-07-08 15:02:37.455379416,long,19901.82,19887.0,NQ,1,13.3,28.8,A10
2026-07-08 15:28:37.232898956,2026-07-08 15:43:37.232898956,short,19901.46,19909.89,NQ,2,42.7,28.8,B8
2026-07-09 09:58:40.295636245,2026-07-09 10:32:40.295636245,long,19887.77,19872.77,NQ,1,29.3,28.1,B7
2026-07-09 14:13:39.246051895,2026-07-09 14:40:39.246051895,long,19903.35,19926.68,NQ,2,26.9,28.1,B7
2026-07-09 14:19:56.840890629,2026-07-09 14:51:56.840890629,long,19894.59,19881.46,NQ,1,29.8,28.1,A10
2026-07-10 09:39:06.915448581,2026-07-10 10:13:06.915448581,short,19925.98,19938.31,NQ,2,21.3,28.0,B7
2026-07-10 13:42:43.951013729,2026-07-10 14:03:43.951013729,long,19952.25,19985.42,NQ,1,30.0,28.0,B7
2026-07-10 14:26:48.286891289,2026-07-10 14:56:48.286891289,long,19941.06,19911.4,NQ,1,14.5,28.0,A9
2026-07-13 11:02:49.021777896,2026-07-13 11:13:49.021777896,short,19949.63,19965.47,NQ,1,20.4,26.7,A9
2026-07-13 14:24:58.043551982,2026-07-13 14:57:58.043551982,long,19936.67,19922.87,NQ,2,24.2,26.7,B7
2026-07-13 15:11:41.670698953,2026-07-13 15:44:41.670698953,long,19935.51,19947.49,NQ,1,14.0,26.7,B7
2026-07-14 13:54:43.358002611,2026-07-14 14:06:43.358002611,long,19961.24,19983.3,NQ,1,15.5,25.7,B8
2026-07-15 09:39:37.398356069,2026-07-15 09:57:37.398356069,short,19964.33,19949.44,NQ,2,13.7,27.0,B7
2026-07-15 10:45:47.638102128,2026-07-15 11:00:47.638102128,short,19965.95,19957.72,NQ,2,32.7,27.0,A9
2026-07-17 14:36:42.014345785,2026-07-17 14:51:42.014345785,long,19943.8,19964.91,NQ,1,23.1,30.3,B7
2026-07-17 15:14:59.296897203,2026-07-17 15:24:59.296897203,short,19938.99,19955.13,NQ,1,13.7,30.3,B8
2026-07-20 10:38:04.068286028,2026-07-20 10:56:04.068286028,long,19963.56,19972.86,NQ,1,12.0,28.6,B7
2026-07-20 11:10:07.147941874,2026-07-20 11:43:07.147941874,long,19953.33,19986.28,NQ,2,29.2,28.6,B8
2026-07-20 14:00:48.808666024,2026-07-20 14:24:48.808666024,long,19950.92,19978.8,NQ,1,19.7,28.6,A10
2026-07-20 14:12:14.120945749,2026-07-20 14:22:14.120945749,long,19942.99,19969.15,NQ,1,19.3,28.6,B7
2026-07-22 11:06:26.719436948,2026-07-22 11:15:26.719436948,short,19938.61,19961.7,NQ,2,12.0,31.1,B7
2026-07-22 14:03:41.279367375,2026-07-22 14:16:41.279367375,long,19952.53,19932.0,NQ,1,27.7,31.1,B7
2026-07-23 14:08:37.118119167,2026-07-23 14:39:37.118119167,long,19928.31,19915.02,NQ,1,30.9,32.4,A10
2026-07-24 09:56:52.025919139,2026-07-24 10:28:52.025919139,short,19901.0,19876.0,NQ,1,29.8,32.4,B7
2026-07-24 14:00:13.973336245,2026-07-24 14:27:13.973336245,short,19906.81,19918.41,NQ,1,24.3,32.4,B7
2026-07-27 14:00:07.709298832,2026-07-27 14:06:07.709298832,long,19900.53,19881.25,NQ,1,19.6,33.2,A9
2026-07-27 14:46:43.395280033,2026-07-27 14:59:43.395280033,long,19900.88,19932.81,NQ,1,19.8,33.2,B7
2026-07-27 14:49:06.801334321,2026-07-27 15:17:06.801334321,long,19905.16,19885.62,NQ,1,14.7,33.2,A10
2026-07-27 15:21:28.914578958,2026-07-27 15:27:28.914578958,long,19902.5,19919.01,NQ,1,13.6,33.2,A9
2026-07-28 14:20:45.024851457,2026-07-28 14:41:45.024851457,short,19895.82,19868.67,NQ,1,16.4,31.7,B8
2026-07-29 11:17:09.171148182,2026-07-29 11:27:09.171148182,short,19901.45,19909.4,NQ,1,27.0,31.6,B8
2026-07-29 11:20:53.928448140,2026-07-29 11:49:53.928448140,long,19908.08,19940.77,NQ,1,21.1,31.6,B7
2026-07-29 14:39:52.637742282,2026-07-29 15:10:52.637742282,long,19920.36,19954.07,NQ,1,19.9,31.6,A9
2026-07-29 15:27:08.777234982,2026-07-29 15:55:08.777234982,long,19884.8,19865.01,NQ,1,30.1,31.6,A9
2026-07-30 14:34:40.029426520,2026-07-30 14:41:40.029426520,long,19938.93,19921.87,NQ,1,15.5,29.9,B7
2026-07-30 14:42:55.552104440,2026-07-30 15:12:55.552104440,long,19920.35,19903.44,NQ,2,21.9,29.9,B7
2026-07-30 15:02:57.085268599,2026-07-30 15:36:57.085268599,long,19911.67,19934.98,NQ,2,20.2,29.9,B8
2026-07-31 09:43:59.646121020,2026-07-31 10:00:59.646121020,long,19953.39,19961.78,NQ,1,22.5,29.8,A9
2026-07-31 10:56:12.944355780,2026-07-31 11:12:12.944355780,long,19939.94,19930.4,NQ,1,20.2,29.8,B7
2026-07-31 15:19:28.990848802,2026-07-31 15:36:28.990848802,long,19950.57,19937.27,NQ,1,32.9,29.8,B8
2026-08-05 14:31:45.811467395,2026-08-05 14:54:45.811467395,long,19936.53,19952.4,NQ,1,30.8,29.3,B8
2026-08-05 14:56:21.108290517,2026-08-05 15:12:21.108290517,long,19913.75,19894.51,NQ,1,16.9,29.3,B7
2026-08-06 09:54:40.381611947,2026-08-06 10:04:40.381611947,long,19924.36,19946.47,NQ,1,16.2,28.4,A10
2026-08-06 10:52:12.181784728,2026-08-06 11:25:12.181784728,long,19913.05,19944.11,NQ,1,31.3,28.4,B7
2026-08-06 11:08:22.854779458,2026-08-06 11:15:22.854779458,short,19904.45,19886.64,NQ,1,17.9,28.4,B8
2026-08-07 10:38:48.101943185,2026-08-07 10:59:48.101943185,long,19901.87,19887.23,NQ,2,21.1,29.1,B7
2026-08-10 11:21:08.883224693,2026-08-10 11:45:08.883224693,long,19906.59,19930.89,NQ,1,18.2,29.5,A9
2026-08-10 14:06:42.188874674,2026-08-10 14:27:42.188874674,long,19874.36,19889.88,NQ,2,36.2,29.5,A10
2026-08-10 14:21:31.741638137,2026-08-10 14:51:31.741638137,long,19876.48,19907.04,NQ,2,25.9,29.5,A10
2026-08-10 14:45:53.663691614,2026-08-10 14:59:53.663691614,short,19891.75,19867.71,NQ,1,27.6,29.5,B8
2026-08-11 14:48:56.658831982,2026-08-11 14:53:56.658831982,short,19873.95,19892.57,NQ,2,31.3,28.4,A9
2026-08-11 14:51:43.436684929,2026-08-11 15:07:43.436684929,short,19876.46,19903.43,NQ,1,22.2,28.4,A10
2026-08-12 09:41:56.878175530,2026-08-12 10:00:56.878175530,long,19919.78,19940.45,NQ,1,32.1,27.1,A10
2026-08-12 10:38:07.686051657,2026-08-12 11:09:07.686051657,long,19904.11,19921.73,NQ,1,21.0,27.1,B7
2026-08-12 11:23:54.440966272,2026-08-12 11:55:54.440966272,long,19913.13,19938.96,NQ,1,16.7,27.1,A10
2026-08-12 14:27:19.613250503,2026-08-12 14:32:19.613250503,long,19889.19,19885.87,NQ,1,18.1,27.1,A10
2026-08-14 09:39:44.440037696,2026-08-14 09:44:44.440037696,short,19912.55,19894.37,NQ,1,24.8,26.4,B7
2026-08-14 13:47:12.724461094,2026-08-14 14:19:12.724461094,short,19922.21,19938.83,NQ,1,16.5,26.4,B8
2026-08-17 14:03:23.692941165,2026-08-17 14:08:23.692941165,short,19919.91,19938.94,NQ,1,28.7,24.5,B7
2026-08-18 10:51:39.491267219,2026-08-18 11:18:39.491267219,long,19934.5,19922.39,NQ,2,34.7,23.8,B7
2026-08-18 13:58:33.800020038,2026-08-18 14:22:33.800020038,short,19920.4,19953.85,NQ,2,30.6,23.8,B8
2026-08-18 14:44:12.671156361,2026-08-18 15:10:12.671156361,short,19939.73,19942.31,NQ,1,33.4,23.8,B7
2026-08-19 13:48:29.049452541,2026-08-19 14:16:29.049452541,short,19940.96,19921.88,NQ,1,26.6,22.0,B7
2026-08-20 11:13:42.964645184,2026-08-20 11:19:42.964645184,long,19921.46,19960.11,NQ,1,24.4,22.3,B7
2026-08-20 13:48:13.309473222,2026-08-20 13:56:13.309473222,short,19932.06,19910.0,NQ,2,14.7,22.3,B8
2026-08-20 14:48:41.015445390,2026-08-20 14:53:41.015445390,long,19938.56,19954.54,NQ,2,31.8,22.3,B7
2026-08-20 14:55:03.389304889,2026-08-20 15:28:03.389304889,short,19949.14,19969.81,NQ,1,43.1,22.3,B7
2026-08-21 09:39:11.154621808,2026-08-21 10:03:11.154621808,long,19917.03,19924.27,NQ,1,30.4,24.3,B7
2026-08-21 14:03:13.952887652,2026-08-21 14:30:13.952887652,long,19928.96,19963.39,NQ,1,40.1,24.3,A10
2026-08-24 13:40:45.186229850,2026-08-24 14:13:45.186229850,short,19917.24,19897.0,NQ,1,16.8,21.8,B8
2026-08-25 09:35:32.308503821,2026-08-25 10:04:32.308503821,long,19919.03,19940.78,NQ,1,20.1,20.3,B7
2026-08-25 14:20:30.228273392,2026-08-25 14:45:30.228273392,short,19919.04,19933.26,NQ,1,20.0,20.3,A10
2026-08-26 11:11:29.980253235,2026-08-26 11:29:29.980253235,short,19905.02,19913.38,NQ,1,18.3,20.5,A10
2026-08-26 14:05:02.944922027,2026-08-26 14:35:02.944922027,long,19899.39,19880.25,NQ,1,26.6,20.5,B7
2026-08-27 11:08:16.477911713,2026-08-27 11:32:16.477911713,short,19928.78,19937.23,NQ,1,24.0,17.8,A9
2026-08-27 11:17:23.545089374,2026-08-27 11:36:23.545089374,long,19935.21,19945.84,NQ,1,32.7,17.8,B8
2026-08-27 14:24:43.050692934,2026-08-27 14:33:43.050692934,long,19930.86,19958.29,NQ,1,34.8,17.8,B8
2026-08-27 14:49:29.873224683,2026-08-27 15:07:29.873224683,long,19931.42,19911.93,NQ,1,17.9,17.8,B7
2026-08-28 09:41:35.334289778,2026-08-28 10:14:35.334289778,long,19953.16,19941.99,NQ,1,26.6,18.4,A9
2026-08-28 09:54:42.581257123,2026-08-28 10:09:42.581257123,short,19946.8,19931.93,NQ,1,36.5,18.4,A9
2026-08-28 10:46:22.443840193,2026-08-28 10:56:22.443840193,short,19942.24,19921.28,NQ,2,18.5,18.4,A10
2026-08-28 13:52:57.463227947,2026-08-28 14:22:57.463227947,long,19942.89,19962.69,NQ,1,32.1,18.4,B7
2026-08-31 13:41:43.746400346,2026-08-31 14:07:43.746400346,long,19960.03,19981.3,NQ,1,32.4,21.6,A9
2026-09-01 09:36:02.149038587,2026-09-01 09:43:02.149038587,short,19942.81,19910.88,NQ,1,20.6,21.2,B7
2026-09-01 09:37:17.546718406,2026-09-01 09:54:17.546718406,long,19957.54,19972.49,NQ,1,32.4,21.2,A9
2026-09-01 11:26:26.769951676,2026-09-01 11:42:26.769951676,short,19966.58,19937.5,NQ,1,33.8,21.2,A10
2026-09-01 14:36:52.372336384,2026-09-01 15:02:52.372336384,long,19933.95,19906.34,NQ,1,20.4,21.2,B8
2026-09-02 13:35:37.181455500,2026-09-02 13:57:37.181455500,long,19918.82,19946.53,NQ,1,22.3,18.9,A10
2026-09-02 14:57:25.107062362,2026-09-02 15:20:25.107062362,long,19927.05,19913.52,NQ,2,28.6,18.9,A10
2026-09-04 11:29:15.605875574,2026-09-04 11:33:15.605875574,long,19925.79,19912.24,NQ,1,27.0,18.6,B8
2026-09-04 13:34:15.174362674,2026-09-04 14:03:15.174362674,short,19929.43,19957.83,NQ,1,38.2,18.6,B8
2026-09-04 14:43:01.160386832,2026-09-04 15:05:01.160386832,short,19910.02,19894.12,NQ,2,29.4,18.6,B7
2026-09-07 10:30:42.514724817,2026-09-07 11:01:42.514724817,long,19948.87,19973.39,NQ,1,21.5,19.3,A9
2026-09-07 10:58:13.031049370,2026-09-07 11:10:13.031049370,long,19935.87,19962.6,NQ,2,30.5,19.3,A9
2026-09-07 15:12:53.226483055,2026-09-07 15:22:53.226483055,long,19952.01,19969.79,NQ,1,38.0,19.3,A9
2026-09-07 15:15:57.252386417,2026-09-07 15:36:57.252386417,long,19944.79,19973.46,NQ,1,28.8,19.3,A9
2026-09-09 09:43:52.446812508,2026-09-09 09:47:52.446812508,short,19961.4,19946.62,NQ,1,27.2,22.4,B7
2026-09-09 10:56:35.417381090,2026-09-09 11:23:35.417381090,long,19976.25,19999.2,NQ,1,26.7,22.4,A9
2026-09-09 14:05:59.617547207,2026-09-09 14:36:59.617547207,long,19972.15,20009.27,NQ,1,36.8,22.4,B8
2026-09-10 09:48:16.732711575,2026-09-10 10:05:16.732711575,long,19980.34,20006.39,NQ,1,29.7,21.2,B7
2026-09-11 09:56:45.550946977,2026-09-11 10:07:45.550946977,long,19966.92,19945.15,NQ,1,35.5,23.3,B8
2026-09-11 13:33:03.508462831,2026-09-11 13:42:03.508462831,short,19978.15,19987.79,NQ,2,29.3,23.3,A10
2026-09-11 14:19:24.764029173,2026-09-11 14:35:24.764029173,long,19961.99,19946.38,NQ,1,15.8,23.3,B7
2026-09-14 09:36:01.292400323,2026-09-14 09:56:01.292400323,short,19971.55,19945.03,NQ,1,27.0,23.1,B8
2026-09-15 09:50:08.499667162,2026-09-15 10:00:08.499667162,long,19977.19,20013.78,NQ,2,26.9,22.9,B7
2026-09-15 11:07:21.902812541,2026-09-15 11:25:21.902812541,long,19973.11,19959.45,NQ,1,36.1,22.9,B7
2026-09-15 14:13:41.354888038,2026-09-15 14:27:41.354888038,long,19971.85,19948.69,NQ,1,29.3,22.9,B7
2026-09-16 10:50:21.222791347,2026-09-16 11:15:21.222791347,short,19990.13,19976.61,NQ,1,21.8,22.8,B8
2026-09-16 11:28:50.289363677,2026-09-16 11:46:50.289363677,short,19981.41,19999.61,NQ,1,27.0,22.8,B7
2026-09-16 14:52:13.440244659,2026-09-16 15:08:13.440244659,short,19980.75,19994.87,NQ,1,35.3,22.8,B8
2026-09-17 09:30:37.525261262,2026-09-17 09:49:37.525261262,long,20000.51,20023.38,NQ,1,28.5,21.5,A9
2026-09-17 11:15:06.565032522,2026-09-17 11:29:06.565032522,long,20010.65,20035.11,NQ,1,24.6,21.5,A9
2026-09-17 15:14:23.810860691,2026-09-17 15:19:23.810860691,long,20019.33,20047.52,NQ,1,33.7,21.5,B7
2026-09-18 10:40:48.164261186,2026-09-18 10:58:48.164261186,long,20012.74,20034.38,NQ,1,30.2,21.1,B7
2026-09-18 11:28:16.230818309,2026-09-18 11:59:16.230818309,long,20031.06,20015.11,NQ,1,23.4,21.1,A9
2026-09-21 15:00:41.452073181,2026-09-21 15:14:41.452073181,short,20035.35,20017.24,NQ,1,28.9,19.6,B8
2026-09-21 15:11:42.301101978,2026-09-21 15:30:42.301101978,long,20047.19,20082.49,NQ,2,36.6,19.6,B8
2026-09-22 09:37:15.935762977,2026-09-22 10:09:15.935762977,short,20038.93,20052.32,NQ,2,36.1,18.3,B8
2026-09-23 11:11:55.360462044,2026-09-23 11:30:55.360462044,long,20049.78,20023.68,NQ,1,23.1,19.9,B8
2026-09-23 11:25:25.419090298,2026-09-23 11:39:25.419090298,long,20053.83,20077.86,NQ,1,28.9,19.9,B7
2026-09-23 15:17:00.301893241,2026-09-23 15:43:00.301893241,long,20061.29,20044.63,NQ,1,29.1,19.9,A9
2026-09-24 10:43:22.049133900,2026-09-24 11:02:22.049133900,long,20064.5,20088.86,NQ,1,25.0,20.9,A9
2026-09-24 13:56:45.672654364,2026-09-24 14:29:45.672654364,long,20077.4,20062.43,NQ,1,24.6,20.9,B7
2026-09-24 13:59:14.468236734,2026-09-24 14:13:14.468236734,short,20057.18,20033.64,NQ,1,28.2,20.9,B7
2026-09-25 09:31:32.666960744,2026-09-25 09:43:32.666960744,long,20049.66,20080.25,NQ,2,34.3,21.5,B7
2026-09-25 11:24:43.398523675,2026-09-25 11:48:43.398523675,short,20036.0,20056.63,NQ,1,15.2,21.5,A9
2026-09-28 09:30:43.897453607,2026-09-28 09:45:43.897453607,short,20034.82,20037.12,NQ,1,12.0,21.9,B7
2026-09-28 09:39:51.680671859,2026-09-28 10:04:51.680671859,short,20026.72,20035.76,NQ,1,24.2,21.9,B8
2026-09-28 15:28:23.742572320,2026-09-28 15:44:23.742572320,long,20014.15,20032.71,NQ,1,34.8,21.9,A10
2026-09-29 15:14:41.654428420,2026-09-29 15:25:41.654428420,long,20023.39,20010.35,NQ,1,33.3,22.4,A10
2026-09-29 15:19:59.035891372,2026-09-29 15:51:59.035891372,long,20007.25,20021.08,NQ,1,30.0,22.4,B7
2026-09-30 11:08:42.965053501,2026-09-30 11:26:42.965053501,short,19986.89,19999.22,NQ,1,27.8,24.5,B8
2026-09-30 13:43:58.155853695,2026-09-30 14:02:58.155853695,long,20002.25,20036.35,NQ,1,29.4,24.5,B8
2026-09-30 13:46:56.102209478,2026-09-30 14:15:56.102209478,long,19988.67,20002.95,NQ,2,20.5,24.5,B8
2026-09-30 14:04:12.758523228,2026-09-30 14:34:12.758523228,short,20037.01,20007.97,NQ,1,32.6,24.5,B7
2026-10-01 10:33:17.331749312,2026-10-01 11:01:17.331749312,short,20037.85,20017.92,NQ,1,26.2,23.6,B7
2026-10-01 11:04:03.591079778,2026-10-01 11:20:03.591079778,long,20002.72,19988.46,NQ,1,14.6,23.6,B7
2026-10-01 11:19:08.196401636,2026-10-01 11:42:08.196401636,short,20023.73,20048.49,NQ,1,32.8,23.6,B8
2026-10-01 13:54:20.712090929,2026-10-01 14:10:20.712090929,short,20027.38,20046.28,NQ,2,23.5,23.6,A9
2026-10-02 09:40:18.872553515,2026-10-02 09:48:18.872553515,long,20037.58,20020.47,NQ,2,21.0,24.2,A9
2026-10-02 11:29:01.727310262,2026-10-02 12:01:01.727310262,long,20067.24,20100.18,NQ,2,33.2,24.2,B7
2026-10-02 13:56:29.849935557,2026-10-02 14:21:29.849935557,long,20043.32,20062.95,NQ,2,26.5,24.2,A9
2026-10-06 09:44:00.238903530,2026-10-06 09:52:00.238903530,short,20059.01,20068.12,NQ,1,21.7,24.6,B7
2026-10-06 11:18:42.632217212,2026-10-06 11:27:42.632217212,long,20069.47,20049.2,NQ,1,34.5,24.6,A9
2026-10-06 14:30:31.126991251,2026-10-06 14:42:31.126991251,long,20075.22,20061.37,NQ,2,40.0,24.6,B8
2026-10-07 14:36:33.124353715,2026-10-07 15:09:33.124353715,long,20069.98,20049.53,NQ,1,34.2,27.9,B8
2026-10-08 09:43:13.811093213,2026-10-08 10:04:13.811093213,short,20061.51,20035.34,NQ,1,17.0,27.3,B7
2026-10-08 15:24:20.844846751,2026-10-08 15:51:20.844846751,long,20076.3,20056.5,NQ,1,36.4,27.3,B8
2026-10-09 09:55:26.154072142,2026-10-09 10:05:26.154072142,short,20067.99,20050.89,NQ,1,28.1,29.8,A10
2026-10-12 10:30:44.748453676,2026-10-12 11:04:44.748453676,long,20072.47,20081.92,NQ,2,32.5,30.4,B7
2026-10-12 10:41:31.138622135,2026-10-12 11:04:31.138622135,short,20089.47,20113.69,NQ,1,12.6,30.4,A10
2026-10-12 10:49:59.650105479,2026-10-12 11:22:59.650105479,long,20079.49,20071.09,NQ,1,35.6,30.4,B8
2026-10-13 14:14:55.622542214,2026-10-13 14:27:55.622542214,short,20039.18,20019.47,NQ,2,18.2,30.6,A9
2026-10-13 14:20:54.328330504,2026-10-13 14:33:54.328330504,long,20065.69,20060.24,NQ,1,28.3,30.6,B8
2026-10-13 14:38:32.073418288,2026-10-13 14:50:32.073418288,short,20078.7,20057.75,NQ,1,24.5,30.6,B7
2026-10-13 14:41:40.457739606,2026-10-13 15:04:40.457739606,short,20073.15,20088.51,NQ,1,27.7,30.6,B8
2026-10-14 13:41:46.569067847,2026-10-14 14:00:46.569067847,long,20036.54,20020.21,NQ,1,16.8,28.1,B7
2026-10-14 14:03:23.086201194,2026-10-14 14:07:23.086201194,long,20036.92,20067.84,NQ,1,25.8,28.1,A9
2026-10-15 09:34:45.810201258,2026-10-15 09:47:45.810201258,long,20052.06,20068.19,NQ,1,14.9,27.8,B8
2026-10-15 11:29:19.358644584,2026-10-15 11:39:19.358644584,long,20043.49,20079.23,NQ,1,27.8,27.8,B8
2026-10-16 13:44:40.661436207,2026-10-16 13:55:40.661436207,long,20053.04,20082.93,NQ,1,34.3,25.7,B7
2026-10-16 14:22:52.637825605,2026-10-16 14:49:52.637825605,long,20056.86,20047.47,NQ,1,19.9,25.7,A9
2026-10-19 10:59:12.503268384,2026-10-19 11:25:12.503268384,long,20049.47,20073.91,NQ,1,28.9,26.2,B8
2026-10-19 11:12:51.687619761,2026-10-19 11:33:51.687619761,long,20056.41,20042.12,NQ,1,27.1,26.2,B7
2026-10-19 14:12:07.114224019,2026-10-19 14:21:07.114224019,long,20039.54,20062.22,NQ,2,20.0,26.2,B7
2026-10-19 14:53:10.229678474,2026-10-19 15:03:10.229678474,long,20041.82,20034.36,NQ,1,24.5,26.2,B7
2026-10-21 09:59:40.732230180,2026-10-21 10:04:40.732230180,long,20039.18,20078.9,NQ,1,37.2,27.4,A10
2026-10-21 10:53:13.801635415,2026-10-21 11:10:13.801635415,short,20047.49,20024.95,NQ,2,17.7,27.4,A9
2026-10-21 13:42:03.846932770,2026-10-21 13:58:03.846932770,short,20039.41,20059.09,NQ,2,30.5,27.4,B8
2026-10-22 13:51:08.569921132,2026-10-22 14:07:08.569921132,short,20035.75,20020.74,NQ,1,23.7,23.4,B7
2026-10-27 11:03:13.130227735,2026-10-27 11:15:13.130227735,long,20057.65,20071.39,NQ,1,32.0,26.0,B8
2026-10-27 11:15:43.657993023,2026-10-27 11:27:43.657993023,long,20056.58,20090.39,NQ,1,21.5,26.0,B8
2026-10-27 14:03:40.384668610,2026-10-27 14:34:40.384668610,long,20057.72,20089.16,NQ,2,36.0,26.0,A10
2026-10-27 14:48:48.537231348,2026-10-27 14:59:48.537231348,short,20053.38,20078.02,NQ,1,33.4,26.0,A10
2026-10-28 09:37:30.862488119,2026-10-28 09:48:30.862488119,short,20040.42,20047.57,NQ,1,26.5,28.4,A10
2026-10-28 09:54:03.430945723,2026-10-28 10:28:03.430945723,long,20046.57,20075.12,NQ,1,35.9,28.4,B8
2026-10-28 09:56:48.964212688,2026-10-28 10:00:48.964212688,long,20027.12,20068.0,NQ,1,18.9,28.4,A10
2026-10-28 14:55:47.156473593,2026-10-28 15:26:47.156473593,long,20028.7,20054.61,NQ,1,27.9,28.4,A10
2026-10-29 14:37:24.436242593,2026-10-29 14:55:24.436242593,short,20031.83,20002.35,NQ,2,37.0,32.0,B8
2026-10-30 09:59:14.729427457,2026-10-30 10:08:14.729427457,long,20004.79,20024.55,NQ,1,28.6,34.0,B7
2026-10-30 14:30:21.696487756,2026-10-30 14:43:21.696487756,long,19978.86,19955.91,NQ,1,31.6,34.0,B8
2026-10-30 14:32:59.483570523,2026-10-30 14:49:59.483570523,long,20014.85,20039.45,NQ,1,14.2,34.0,B8
2026-10-30 14:51:28.142142253,2026-10-30 15:22:28.142142253,long,20003.59,20026.19,NQ,1,31.4,34.0,B7
2026-11-02 13:59:32.410853835,2026-11-02 14:20:32.410853835,short,19961.82,19939.37,NQ,1,34.4,33.4,B8
2026-11-02 14:43:21.626209357,2026-11-02 15:13:21.626209357,short,19963.54,19979.49,NQ,1,26.2,33.4,B7
2026-11-03 09:38:24.210210044,2026-11-03 09:58:24.210210044,short,19947.15,19892.86,NQ,2,34.9,32.5,B7
2026-11-04 13:35:28.432845875,2026-11-04 13:39:28.432845875,long,19939.18,19925.34,NQ,1,27.0,34.0,B7
2026-11-04 14:34:41.784949821,2026-11-04 14:54:41.784949821,long,19924.98,19960.8,NQ,1,19.4,34.0,B8
2026-11-05 13:41:48.958827923,2026-11-05 13:46:48.958827923,short,19917.27,19896.68,NQ,2,29.7,32.4,A9
2026-11-05 14:03:11.495713093,2026-11-05 14:20:11.495713093,long,19906.71,19874.58,NQ,1,31.7,32.4,B7
2026-11-06 11:21:58.555000272,2026-11-06 11:25:58.555000272,long,19892.32,19913.25,NQ,1,25.5,33.6,B8
2026-11-09 10:59:08.898139170,2026-11-09 11:28:08.898139170,long,19872.03,19849.11,NQ,1,23.5,34.0,B8
2026-11-10 14:35:49.104083298,2026-11-10 15:05:49.104083298,long,19869.69,19899.51,NQ,1,15.2,33.6,A9
2026-11-11 13:44:07.317092601,2026-11-11 14:00:07.317092601,short,19869.03,19890.6,NQ,1,15.6,33.9,B7
2026-11-11 15:04:37.301677432,2026-11-11 15:20:37.301677432,long,19860.64,19888.28,NQ,1,33.7,33.9,B7
2026-11-13 11:14:24.353773259,2026-11-13 11:27:24.353773259,long,19838.96,19820.64,NQ,1,12.0,31.3,A9
2026-11-16 14:06:24.781300424,2026-11-16 14:38:24.781300424,short,19851.69,19878.74,NQ,1,29.7,31.2,B8
2026-11-16 14:48:28.218311150,2026-11-16 15:17:28.218311150,long,19848.38,19826.78,NQ,1,48.0,31.2,A9
2026-11-17 13:44:53.546688570,2026-11-17 14:04:53.546688570,short,19838.41,19844.78,NQ,2,31.8,32.6,A10
2026-11-17 14:09:59.834758390,2026-11-17 14:34:59.834758390,long,19849.14,19823.06,NQ,1,38.5,32.6,B8
2026-11-17 14:54:40.332347389,2026-11-17 15:28:40.332347389,long,19852.49,19876.48,NQ,2,14.9,32.6,B7
2026-11-18 10:41:05.232912005,2026-11-18 11:11:05.232912005,short,19858.62,19883.78,NQ,1,29.5,33.9,B8
2026-11-19 09:35:11.422204239,2026-11-19 09:41:11.422204239,short,19847.67,19855.45,NQ,1,23.0,32.2,B8
2026-11-20 10:44:56.024908230,2026-11-20 11:16:56.024908230,long,19848.16,19819.88,NQ,1,24.7,32.9,A9
2026-11-20 10:51:32.571541317,2026-11-20 11:06:32.571541317,long,19860.15,19884.34,NQ,1,18.3,32.9,A10
2026-11-23 09:58:49.620753850,2026-11-23 10:17:49.620753850,long,19857.71,19848.96,NQ,1,25.6,34.0,B8
2026-11-23 09:58:51.716293448,2026-11-23 10:28:51.716293448,short,19849.05,19814.02,NQ,2,21.7,34.0,B8
2026-11-23 10:50:21.724328708,2026-11-23 11:01:21.724328708,long,19851.58,19865.7,NQ,1,32.5,34.0,A10
2026-11-24 11:21:41.604427762,2026-11-24 11:32:41.604427762,short,19858.13,19867.33,NQ,2,26.3,34.0,B7
2026-11-24 15:29:07.125836730,2026-11-24 16:01:07.125836730,long,19857.16,19874.14,NQ,1,29.6,34.0,A9
2026-11-25 10:38:56.960115024,2026-11-25 10:42:56.960115024,long,19884.6,19924.76,NQ,1,23.9,34.0,B7
2026-11-25 10:58:47.723527694,2026-11-25 11:09:47.723527694,long,19873.14,19859.11,NQ,1,20.5,34.0,B7
2026-11-25 13:53:05.437740438,2026-11-25 14:01:05.437740438,long,19879.61,19906.63,NQ,2,34.7,34.0,B7
2026-11-25 14:25:31.364515553,2026-11-25 14:42:31.364515553,long,19863.26,19843.19,NQ,1,33.0,34.0,B7
2026-11-26 09:36:01.577718654,2026-11-26 09:56:01.577718654,short,19893.64,19858.16,NQ,1,19.8,33.9,A10
2026-11-26 15:28:46.762804450,2026-11-26 16:02:46.762804450,long,19883.03,19916.16,NQ,2,34.3,33.9,B7
2026-11-27 10:51:06.982365205,2026-11-27 11:05:06.982365205,short,19882.12,19885.61,NQ,1,30.7,34.0,B8
2026-11-30 14:21:47.673189824,2026-11-30 14:51:47.673189824,short,19878.78,19847.64,NQ,1,21.8,30.4,B7
2026-11-30 15:19:32.231865432,2026-11-30 15:44:32.231865432,long,19882.0,19877.96,NQ,1,22.4,30.4,B7
2026-12-01 09:31:36.207207595,2026-12-01 09:39:36.207207595,long,19854.83,19879.97,NQ,1,24.5,29.6,B8
2026-12-01 09:58:02.249995393,2026-12-01 10:17:02.249995393,long,19854.53,19891.41,NQ,2,29.3,29.6,A9
2026-12-01 10:49:48.415985073,2026-12-01 11:04:48.415985073,long,19863.8,19881.37,NQ,1,32.1,29.6,A9
2026-12-02 09:35:58.000537549,2026-12-02 09:39:58.000537549,long,19823.25,19842.51,NQ,1,29.5,29.5,B7
2026-12-02 09:46:22.339897966,2026-12-02 09:59:22.339897966,long,19842.2,19870.53,NQ,1,27.8,29.5,B8
2026-12-02 10:43:21.140857894,2026-12-02 10:54:21.140857894,short,19827.5,19803.36,NQ,1,19.5,29.5,A9
2026-12-02 14:46:17.463196911,2026-12-02 15:06:17.463196911,long,19839.88,19857.08,NQ,2,24.9,29.5,B8
2026-12-03 09:37:15.713232505,2026-12-03 10:07:15.713232505,short,19822.98,19799.85,NQ,1,22.9,31.0,A9
2026-12-03 10:38:00.160160059,2026-12-03 11:04:00.160160059,long,19837.11,19821.35,NQ,1,19.1,31.0,B7
2026-12-03 11:23:34.688574233,2026-12-03 11:27:34.688574233,short,19837.54,19808.13,NQ,1,40.7,31.0,A9
2026-12-04 09:40:30.393958703,2026-12-04 10:05:30.393958703,long,19799.71,19826.12,NQ,1,17.4,30.4,A10
2026-12-04 11:10:58.724773447,2026-12-04 11:35:58.724773447,long,19794.85,19782.55,NQ,2,29.8,30.4,B7
2026-12-04 14:22:11.018738763,2026-12-04 14:35:11.018738763,long,19796.15,19790.62,NQ,1,18.4,30.4,B7
2026-12-04 14:39:26.760096634,2026-12-04 14:56:26.760096634,long,19813.73,19804.62,NQ,1,24.6,30.4,A9
2026-12-07 09:56:16.251446083,2026-12-07 10:26:16.251446083,long,19848.28,19862.85,NQ,1,29.0,29.5,B8
2026-12-07 14:25:57.102076495,2026-12-07 14:46:57.102076495,short,19829.8,19854.43,NQ,1,27.2,29.5,B8
2026-12-07 14:44:14.644414388,2026-12-07 14:56:14.644414388,long,19841.3,19859.38,NQ,1,30.7,29.5,A10
2026-12-07 15:02:35.630173323,2026-12-07 15:15:35.630173323,long,19852.9,19888.54,NQ,1,19.7,29.5,B8
2026-12-08 13:46:00.650090782,2026-12-08 14:17:00.650090782,long,19861.8,19850.57,NQ,1,16.6,28.7,B8
2026-12-08 13:58:14.032642249,2026-12-08 14:11:14.032642249,long,19831.74,19807.68,NQ,1,19.1,28.7,A9
2026-12-09 09:54:23.064355820,2026-12-09 10:26:23.064355820,long,19834.68,19853.36,NQ,2,32.9,26.6,A9
2026-12-09 14:14:12.644680948,2026-12-09 14:20:12.644680948,long,19844.51,19829.04,NQ,2,24.9,26.6,B7
2026-12-11 09:42:57.464447075,2026-12-11 09:48:57.464447075,short,19899.86,19908.16,NQ,1,25.6,26.5,A10
2026-12-11 11:21:43.625096081,2026-12-11 11:33:43.625096081,long,19877.8,19858.09,NQ,2,16.3,26.5,A9
2026-12-11 13:45:19.018163606,2026-12-11 14:03:19.018163606,long,19907.47,19897.51,NQ,1,17.4,26.5,B8
2026-12-11 14:25:20.837261097,2026-12-11 14:58:20.837261097,long,19855.42,19830.12,NQ,1,25.4,26.5,A9
2026-12-14 09:41:17.320588938,2026-12-14 09:56:17.320588938,long,19899.34,19919.71,NQ,1,27.1,25.3,B7
2026-12-14 10:56:02.734337125,2026-12-14 11:13:02.734337125,short,19910.65,19916.61,NQ,2,23.7,25.3,B7
2026-12-14 14:35:49.489916521,2026-12-14 14:42:49.489916521,long,19902.94,19918.07,NQ,2,26.5,25.3,A9
2026-12-15 09:51:55.519344680,2026-12-15 10:02:55.519344680,short,19888.05,19891.69,NQ,1,25.4,26.2,B7
2026-12-15 10:31:34.635266666,2026-12-15 10:37:34.635266666,short,19902.49,19916.13,NQ,1,34.1,26.2,B8
2026-12-15 13:39:20.622206060,2026-12-15 13:50:20.622206060,long,19910.6,19932.0,NQ,1,29.9,26.2,A9
2026-12-16 14:44:11.260816019,2026-12-16 14:52:11.260816019,short,19897.38,19878.22,NQ,1,23.8,25.4,A10
2026-12-16 14:58:05.938255921,2026-12-16 15:13:05.938255921,short,19878.42,19852.37,NQ,1,25.2,25.4,A10
2026-12-17 10:51:43.575317043,2026-12-17 11:07:43.575317043,short,19867.38,19842.35,NQ,1,29.8,27.6,A10
2026-12-18 09:34:08.046822868,2026-12-18 09:47:08.046822868,long,19846.23,19875.23,NQ,1,19.5,26.8,B7
2026-12-18 13:52:28.236429270,2026-12-18 14:19:28.236429270,short,19829.4,19846.51,NQ,1,34.5,26.8,B7
2026-12-18 13:52:55.773973200,2026-12-18 14:09:55.773973200,short,19826.9,19827.96,NQ,2,17.5,26.8,B7
2026-12-18 14:04:48.677721169,2026-12-18 14:38:48.677721169,short,19833.48,19815.93,NQ,2,30.9,26.8,B7
2026-12-21 10:31:08.677429513,2026-12-21 10:37:08.677429513,short,19836.62,19813.63,NQ,1,21.8,26.8,B8
2026-12-22 11:05:55.936698993,2026-12-22 11:35:55.936698993,short,19812.79,19823.68,NQ,2,15.1,23.5,A9
2026-12-22 13:52:53.993993092,2026-12-22 14:25:53.993993092,short,19824.33,19832.81,NQ,1,20.8,23.5,B7
2026-12-22 14:17:00.231613987,2026-12-22 14:38:00.231613987,long,19807.43,19832.47,NQ,1,26.5,23.5,B7
2026-12-22 14:41:34.052113430,2026-12-22 14:55:34.052113430,long,19807.43,19796.55,NQ,1,20.4,23.5,A9
2026-12-23 09:40:04.666791372,2026-12-23 09:53:04.666791372,long,19826.07,19851.95,NQ,1,29.7,23.7,B7
2026-12-23 11:27:47.805200997,2026-12-23 11:47:47.805200997,long,19814.31,19838.55,NQ,2,28.0,23.7,A9
2026-12-23 13:31:45.501040034,2026-12-23 13:42:45.501040034,long,19811.87,19836.61,NQ,1,22.6,23.7,B7
2026-12-23 14:26:38.216109880,2026-12-23 14:52:38.216109880,long,19811.51,19837.93,NQ,1,31.6,23.7,B7
2026-12-24 09:34:32.671213837,2026-12-24 09:38:32.671213837,long,19852.05,19866.78,NQ,1,33.7,24.6,B8
2026-12-24 11:04:33.624845672,2026-12-24 11:15:33.624845672,long,19843.86,19856.29,NQ,2,38.6,24.6,B7
2026-12-24 11:20:46.797879841,2026-12-24 11:51:46.797879841,short,19856.41,19868.57,NQ,1,25.9,24.6,B8
2026-12-24 14:16:42.169717781,2026-12-24 14:44:42.169717781,short,19860.73,19870.62,NQ,1,26.5,24.6,B7
2026-12-25 11:10:28.943987581,2026-12-25 11:31:28.943987581,long,19833.99,19861.95,NQ,1,30.0,23.8,B7
2026-12-25 14:02:14.911678037,2026-12-25 14:20:14.911678037,long,19846.85,19836.2,NQ,1,15.9,23.8,B8
2026-12-28 09:50:53.288960921,2026-12-28 10:01:53.288960921,long,19809.06,19825.34,NQ,1,39.7,25.2,B8
2026-12-28 09:53:26.311393031,2026-12-28 10:22:26.311393031,long,19811.23,19835.2,NQ,1,16.8,25.2,B7
2026-12-28 13:46:01.825988576,2026-12-28 14:10:01.825988576,short,19788.94,19803.71,NQ,1,25.3,25.2,B7
2026-12-29 09:36:05.174147814,2026-12-29 09:53:05.174147814,long,19801.87,19824.81,NQ,1,27.4,25.4,A9
2026-12-29 09:37:31.921013218,2026-12-29 10:10:31.921013218,long,19810.72,19833.92,NQ,1,20.8,25.4,B8
2026-12-29 14:04:33.426548441,2026-12-29 14:27:33.426548441,long,19786.16,19760.07,NQ,1,21.1,25.4,A10
2026-12-29 14:57:29.224673787,2026-12-29 15:19:29.224673787,long,19798.96,19824.71,NQ,1,28.3,25.4,A9
2026-12-30 14:35:11.512841730,2026-12-30 14:45:11.512841730,long,19828.23,19818.98,NQ,1,18.7,25.4,B8
2026-12-30 14:58:19.953861564,2026-12-30 15:08:19.953861564,short,19814.51,19800.98,NQ,1,28.6,25.4,A9
2026-12-31 14:44:55.259108467,2026-12-31 15:03:55.259108467,short,19838.94,19814.71,NQ,2,30.7,26.4,B7
2026-12-31 15:29:19.956710782,2026-12-31 15:59:19.956710782,long,19840.74,19856.9,NQ,1,23.4,26.4,B8
2027-01-01 09:58:39.403049243,2027-01-01 10:25:39.403049243,short,19844.99,19824.82,NQ,1,23.6,26.0,A9
2027-01-04 10:33:52.069474966,2027-01-04 10:42:52.069474966,short,19836.28,19800.72,NQ,2,28.5,23.4,A10
2027-01-05 10:55:33.407429884,2027-01-05 11:14:33.407429884,long,19839.34,19857.52,NQ,1,24.1,23.8,B7
2027-01-05 14:20:41.674443366,2027-01-05 14:50:41.674443366,long,19846.44,19865.38,NQ,1,15.5,23.8,A9
2027-01-07 14:19:16.143813788,2027-01-07 14:53:16.143813788,long,19839.99,19875.95,NQ,1,29.1,24.3,B8
2027-01-08 09:58:39.541604643,2027-01-08 10:12:39.541604643,long,19862.88,19889.11,NQ,2,27.0,24.0,B8
2027-01-08 10:44:12.879063547,2027-01-08 11:11:12.879063547,long,19837.27,19808.69,NQ,1,17.9,24.0,B7
2027-01-08 14:34:46.919401857,2027-01-08 15:02:46.919401857,long,19832.61,19819.11,NQ,2,33.5,24.0,A9
2027-01-11 09:54:37.107204303,2027-01-11 10:15:37.107204303,long,19873.69,19859.89,NQ,1,19.1,22.7,B7
2027-01-11 14:16:01.671036047,2027-01-11 14:47:01.671036047,long,19878.23,19858.63,NQ,2,27.3,22.7,A9
2027-01-13 13:33:05.277934571,2027-01-13 14:00:05.277934571,long,19886.97,19914.75,NQ,1,24.2,21.3,B8
2027-01-13 14:14:51.821088720,2027-01-13 14:28:51.821088720,short,19881.7,19896.63,NQ,1,15.3,21.3,A9
2027-01-13 15:18:32.798346930,2027-01-13 15:49:32.798346930,long,19873.71,19882.91,NQ,1,20.6,21.3,B8
2027-01-14 11:05:58.350263009,2027-01-14 11:21:58.350263009,long,19899.97,19885.09,NQ,1,16.6,23.2,B8
2027-01-14 14:41:35.791768968,2027-01-14 15:11:35.791768968,long,19881.4,19891.44,NQ,1,27.3,23.2,B8
2027-01-15 09:53:38.987421843,2027-01-15 10:07:38.987421843,long,19900.08,19924.93,NQ,1,18.8,24.5,B8
2027-01-15 14:24:22.499390424,2027-01-15 14:41:22.499390424,short,19896.54,19903.59,NQ,1,38.7,24.5,B8
2027-01-18 09:44:32.799525973,2027-01-18 09:50:32.799525973,long,19888.57,19879.66,NQ,1,19.8,24.7,A10
2027-01-18 10:47:34.479934873,2027-01-18 11:11:34.479934873,long,19896.56,19914.61,NQ,1,24.9,24.7,A9
2027-01-19 14:05:15.922687300,2027-01-19 14:21:15.922687300,long,19889.64,19875.22,NQ,1,15.5,26.3,B8
2027-01-19 14:05:27.810506659,2027-01-19 14:26:27.810506659,long,19896.68,19917.1,NQ,1,35.8,26.3,A9
2027-01-20 09:41:15.552875932,2027-01-20 10:10:15.552875932,short,19921.62,19904.49,NQ,2,25.3,27.8,B7
2027-01-20 09:43:56.432373112,2027-01-20 10:10:56.432373112,long,19930.98,19945.16,NQ,1,39.0,27.8,A9
2027-01-20 13:44:23.407482829,2027-01-20 13:56:23.407482829,long,19920.41,19907.74,NQ,1,24.8,27.8,B7
2027-01-20 14:47:02.032279174,2027-01-20 14:54:02.032279174,long,19914.77,19894.72,NQ,1,17.0,27.8,B7
2027-01-21 09:40:25.088735492,2027-01-21 10:01:25.088735492,short,19958.55,19981.22,NQ,1,19.3,27.2,A9
2027-01-21 10:37:47.144533639,2027-01-21 10:45:47.144533639,long,19963.78,19942.2,NQ,1,19.6,27.2,A9
2027-01-21 11:20:33.024439580,2027-01-21 11:34:33.024439580,short,19923.67,19899.65,NQ,1,12.0,27.2,A10
2027-01-21 15:10:27.323043226,2027-01-21 15:19:27.323043226,long,19972.09,19946.62,NQ,2,24.6,27.2,B7
2027-01-25 10:59:33.790446101,2027-01-25 11:33:33.790446101,long,19967.26,19994.22,NQ,1,29.4,29.0,B7
2027-01-25 14:03:11.368755383,2027-01-25 14:18:11.368755383,long,19931.51,19912.57,NQ,1,38.2,29.0,A9
2027-01-25 14:16:43.429990438,2027-01-25 14:50:43.429990438,long,19943.34,19985.22,NQ,2,21.0,29.0,B7
2027-01-25 14:40:49.886932989,2027-01-25 14:59:49.886932989,long,19943.74,19974.15,NQ,2,25.5,29.0,A9
2027-01-26 13:36:53.211419073,2027-01-26 14:04:53.211419073,long,19951.16,19943.96,NQ,1,29.7,26.4,B7
2027-01-27 14:38:40.979985594,2027-01-27 15:05:40.979985594,long,19957.96,19940.11,NQ,1,30.1,26.6,A9
2027-01-28 09:51:28.279026140,2027-01-28 10:20:28.279026140,short,19920.9,19901.56,NQ,1,36.3,27.1,B8
2027-01-28 10:50:36.859394405,2027-01-28 11:04:36.859394405,long,19931.86,19964.7,NQ,1,31.3,27.1,B8
2027-01-28 13:51:10.197441454,2027-01-28 13:56:10.197441454,short,19935.72,19913.62,NQ,1,24.4,27.1,A9
2027-01-29 09:33:10.038847516,2027-01-29 10:00:10.038847516,short,19907.93,19887.79,NQ,1,21.3,27.6,A9
2027-01-29 09:46:35.176836584,2027-01-29 09:55:35.176836584,long,19909.98,19930.85,NQ,1,28.4,27.6,B7
2027-01-29 13:52:42.263331808,2027-01-29 14:21:42.263331808,long,19912.3,19929.63,NQ,1,32.9,27.6,A9
2027-01-29 15:22:34.325670443,2027-01-29 15:54:34.325670443,long,19913.1,19886.7,NQ,1,30.9,27.6,B8
2027-02-01 09:57:44.459929778,2027-02-01 10:28:44.459929778,long,19917.81,19910.83,NQ,1,24.8,28.8,A10
2027-02-02 09:44:14.943959623,2027-02-02 09:51:14.943959623,short,19901.26,19879.36,NQ,1,25.2,28.0,A9
2027-02-02 10:56:24.602186648,2027-02-02 11:01:24.602186648,short,19899.86,19881.85,NQ,1,25.2,28.0,B7
2027-02-03 09:36:29.965355221,2027-02-03 09:56:29.965355221,short,19925.81,19935.72,NQ,1,13.5,27.9,B8
2027-02-03 09:54:53.402532605,2027-02-03 10:14:53.402532605,long,19914.34,19886.35,NQ,1,21.1,27.9,B8
2027-02-04 09:57:51.304685546,2027-02-04 10:09:51.304685546,short,19923.88,19905.83,NQ,1,35.3,27.0,B8
2027-02-04 11:02:30.233108119,2027-02-04 11:34:30.233108119,long,19922.2,19912.45,NQ,1,17.7,27.0,B7
2027-02-04 13:48:14.060924435,2027-02-04 14:10:14.060924435,long,19916.23,19941.19,NQ,2,26.1,27.0,B8
2027-02-04 15:04:12.299191406,2027-02-04 15:18:12.299191406,long,19916.37,19938.19,NQ,1,44.7,27.0,A10
2027-02-09 09:59:13.096979482,2027-02-09 10:25:13.096979482,long,19923.49,19948.18,NQ,2,36.2,26.9,B7
2027-02-10 13:39:00.660835091,2027-02-10 13:53:00.660835091,long,19931.99,19954.02,NQ,1,19.5,27.6,B7
2027-02-11 09:44:59.975508973,2027-02-11 10:06:59.975508973,short,19939.06,19958.47,NQ,1,29.0,26.8,A9
2027-02-11 15:15:30.703071608,2027-02-11 15:43:30.703071608,long,19918.76,19939.75,NQ,1,41.6,26.8,B7
2027-02-11 15:15:52.308239142,2027-02-11 15:26:52.308239142,short,19914.54,19899.9,NQ,1,26.2,26.8,A10
2027-02-12 09:57:52.380739843,2027-02-12 10:27:52.380739843,long,19906.69,19890.38,NQ,1,20.4,27.1,B8
2027-02-12 13:57:37.548549970,2027-02-12 14:20:37.548549970,long,19909.13,19930.94,NQ,1,29.3,27.1,B7
2027-02-15 09:42:32.953327862,2027-02-15 09:52:32.953327862,long,19923.93,19909.65,NQ,1,33.5,26.0,A10
2027-02-15 09:44:01.397609335,2027-02-15 10:04:01.397609335,long,19939.89,19917.98,NQ,1,33.4,26.0,B7
2027-02-15 14:57:29.960830245,2027-02-15 15:22:29.960830245,long,19929.32,19941.32,NQ,1,26.3,26.0,B8
2027-02-15 15:09:14.532484418,2027-02-15 15:28:14.532484418,short,19944.11,19923.24,NQ,1,33.9,26.0,B8
2027-02-16 09:36:04.815623402,2027-02-16 09:48:04.815623402,long,19966.78,19991.16,NQ,1,33.8,25.2,A9
2027-02-16 09:48:26.950290137,2027-02-16 09:52:26.950290137,long,19944.54,19972.81,NQ,2,27.3,25.2,B8
2027-02-17 09:48:51.227406556,2027-02-17 09:57:51.227406556,short,19959.58,19942.34,NQ,1,21.5,26.5,A9
2027-02-17 14:53:43.899563155,2027-02-17 15:20:43.899563155,long,19950.34,19943.8,NQ,1,33.5,26.5,A10
2027-02-18 10:41:14.554650189,2027-02-18 10:47:14.554650189,short,19953.29,19970.08,NQ,1,34.9,27.6,A10
2027-02-18 10:43:52.541299183,2027-02-18 11:10:52.541299183,long,19958.92,19987.59,NQ,1,26.4,27.6,B7
2027-02-18 11:06:08.070211401,2027-02-18 11:14:08.070211401,short,19971.76,19942.18,NQ,1,26.5,27.6,B7
2027-02-18 14:11:22.968497115,2027-02-18 14:37:22.968497115,short,19966.01,19942.57,NQ,1,33.9,27.6,B8
2027-02-19 11:00:21.465834127,2027-02-19 11:09:21.465834127,short,19968.14,19944.37,NQ,1,28.1,27.2,A9
2027-02-22 15:13:06.394567790,2027-02-22 15:18:06.394567790,long,19976.25,19945.43,NQ,1,31.2,27.9,B8
2027-02-23 14:21:07.744432390,2027-02-23 14:30:07.744432390,short,19970.06,19954.96,NQ,1,22.9,27.2,B7
2027-02-24 09:38:17.626551079,2027-02-24 09:48:17.626551079,short,19933.4,19956.26,NQ,1,23.0,27.9,B8
2027-02-24 09:40:24.620786673,2027-02-24 09:52:24.620786673,short,19956.51,19933.52,NQ,1,33.6,27.9,A10
2027-02-24 11:07:29.400991454,2027-02-24 11:15:29.400991454,short,19949.48,19925.35,NQ,1,12.0,27.9,A10
2027-02-24 14:31:29.800918905,2027-02-24 14:53:29.800918905,long,19939.55,19952.62,NQ,2,14.9,27.9,B7
2027-02-25 09:47:46.457155463,2027-02-25 10:15:46.457155463,long,19961.74,19985.06,NQ,1,23.4,28.3,B8
2027-02-26 09:36:37.880707612,2027-02-26 09:59:37.880707612,short,19982.71,19989.61,NQ,1,28.2,29.9,B8
2027-02-26 11:28:26.368191546,2027-02-26 11:52:26.368191546,long,19981.36,19951.55,NQ,1,23.7,29.9,B8
2027-02-26 14:18:40.383007913,2027-02-26 14:40:40.383007913,long,19962.66,19948.49,NQ,1,16.7,29.9,B8
2027-02-26 14:57:26.273387685,2027-02-26 15:13:26.273387685,long,19969.48,19945.53,NQ,1,13.5,29.9,B7
2027-03-02 09:42:11.945231378,2027-03-02 10:08:11.945231378,short,19946.67,19952.44,NQ,1,25.5,33.8,B8
2027-03-02 11:13:50.882522203,2027-03-02 11:27:50.882522203,long,19982.43,20003.86,NQ,2,19.1,33.8,B7
2027-03-02 13:39:17.130237606,2027-03-02 14:03:17.130237606,short,19965.63,19945.27,NQ,1,40.2,33.8,A9
2027-03-02 15:10:03.973426366,2027-03-02 15:23:03.973426366,long,19966.68,19969.73,NQ,2,31.3,33.8,B8
2027-03-03 10:56:29.573639709,2027-03-03 11:17:29.573639709,long,19950.21,19929.24,NQ,1,12.0,34.0,A9
2027-03-03 13:42:19.030828135,2027-03-03 14:13:19.030828135,long,19953.25,19940.41,NQ,1,30.6,34.0,B7
2027-03-04 09:30:49.196846252,2027-03-04 09:39:49.196846252,short,19946.11,19958.29,NQ,1,29.8,34.0,A9
2027-03-04 10:55:37.510683744,2027-03-04 11:01:37.510683744,long,19947.64,19962.34,NQ,1,21.7,34.0,B7
2027-03-04 13:40:08.433328079,2027-03-04 14:12:08.433328079,short,19955.43,19969.1,NQ,1,32.0,34.0,B7
2027-03-04 13:48:34.366585578,2027-03-04 14:09:34.366585578,long,19952.21,19941.29,NQ,1,19.1,34.0,B7
2027-03-08 09:36:11.437859266,2027-03-08 09:50:11.437859266,long,19963.7,19984.5,NQ,1,27.5,34.0,B8
2027-03-08 10:49:42.195658191,2027-03-08 11:16:42.195658191,long,19938.36,19948.8,NQ,2,24.8,34.0,A9
2027-03-08 11:25:24.667186970,2027-03-08 11:41:24.667186970,long,19960.13,19949.24,NQ,1,34.4,34.0,B8
2027-03-08 13:58:31.994472624,2027-03-08 14:18:31.994472624,long,19938.3,19959.0,NQ,1,20.7,34.0,B8
2027-03-09 13:47:26.070749248,2027-03-09 14:08:26.070749248,long,19939.3,19935.3,NQ,1,33.8,32.4,B8
2027-03-10 09:38:40.322196862,2027-03-10 09:44:40.322196862,long,19977.77,19966.62,NQ,2,30.2,33.0,B7
2027-03-10 11:08:32.479823630,2027-03-10 11:31:32.479823630,short,19953.61,19925.92,NQ,1,21.1,33.0,B8
2027-03-10 13:38:46.182992490,2027-03-10 13:50:46.182992490,short,19952.79,19979.74,NQ,1,21.6,33.0,B8
2027-03-10 14:56:57.546077954,2027-03-10 15:18:57.546077954,long,19918.12,19901.19,NQ,2,24.8,33.0,B8
2027-03-11 09:51:05.157265523,2027-03-11 10:13:05.157265523,short,19953.51,19963.9,NQ,2,32.8,32.8,B7
2027-03-11 13:54:52.241665216,2027-03-11 13:58:52.241665216,long,19984.14,20008.11,NQ,1,25.2,32.8,A10
2027-03-11 13:59:56.506253080,2027-03-11 14:14:56.506253080,short,19996.08,19967.48,NQ,1,16.2,32.8,B8
2027-03-12 09:48:04.636002661,2027-03-12 10:22:04.636002661,long,19960.53,19939.9,NQ,1,12.0,32.2,A9
2027-03-12 09:51:25.563036840,2027-03-12 10:11:25.563036840,long,19980.58,20002.18,NQ,1,39.0,32.2,A9
2027-03-12 14:02:49.895778215,2027-03-12 14:34:49.895778215,short,19952.26,19927.26,NQ,1,19.7,32.2,B8
2027-03-15 13:57:07.563221802,2027-03-15 14:31:07.563221802,long,19961.13,19981.41,NQ,2,26.9,32.7,B7
2027-03-15 14:33:46.968704400,2027-03-15 14:41:46.968704400,long,19961.27,19946.09,NQ,2,32.8,32.7,B8
2027-03-16 09:44:58.426874119,2027-03-16 10:14:58.426874119,long,20010.9,19988.31,NQ,2,26.8,30.6,B8
2027-03-16 11:27:34.760152495,2027-03-16 11:47:34.760152495,long,20006.07,20025.16,NQ,1,22.3,30.6,B7
2027-03-16 13:52:24.101880741,2027-03-16 14:03:24.101880741,long,20002.57,20015.51,NQ,2,14.3,30.6,B8
2027-03-16 14:39:15.600264414,2027-03-16 15:00:15.600264414,long,19991.68,19987.68,NQ,1,33.7,30.6,B8
2027-03-17 09:51:57.395608658,2027-03-17 09:56:57.395608658,short,20015.47,20034.66,NQ,1,24.8,29.7,B8
2027-03-18 09:37:43.841171904,2027-03-18 09:57:43.841171904,long,19995.51,19976.45,NQ,2,29.8,27.9,B8
2027-03-18 09:48:23.247664179,2027-03-18 09:58:23.247664179,short,20012.74,19992.31,NQ,1,28.6,27.9,B8
2027-03-18 09:58:10.974183669,2027-03-18 10:26:10.974183669,long,19995.19,20029.43,NQ,1,15.8,27.9,B7
2027-03-18 13:33:56.264695762,2027-03-18 13:40:56.264695762,short,19997.25,19982.1,NQ,1,21.2,27.9,B8
2027-03-19 09:32:11.400573851,2027-03-19 09:47:11.400573851,short,19998.15,20004.35,NQ,1,32.4,27.4,A10
2027-03-19 09:57:17.313611516,2027-03-19 10:11:17.313611516,short,19991.47,19965.51,NQ,1,26.9,27.4,B7
2027-03-19 11:28:47.176623231,2027-03-19 11:53:47.176623231,short,19986.56,19992.65,NQ,1,29.4,27.4,B7
2027-03-22 09:34:08.300910127,2027-03-22 09:45:08.300910127,long,19986.31,19969.4,NQ,2,17.6,26.3,A10
2027-03-22 09:57:34.714316555,2027-03-22 10:26:34.714316555,short,19980.51,19960.17,NQ,2,33.8,26.3,B7
2027-03-22 10:58:26.818253500,2027-03-22 11:22:26.818253500,long,20000.88,20015.06,NQ,1,33.7,26.3,B8
