session_date,symbol,volume,rows
2020-01-02,NQH0,407570.0,1364.0
2020-01-03,NQH0,594312.0,1365.0
2020-01-06,NQH0,465964.0,1365.0
2020-01-07,NQH0,500855.0,1365.0
2020-01-08,NQH0,717472.0,1365.0
2020-01-09,NQH0,454361.0,1365.0
2020-01-10,NQH0,468668.0,1365.0
2020-01-13,NQH0,375748.0,1365.0
2020-01-14,NQH0,549991.0,1365.0
2020-01-15,NQH0,493078.0,1365.0
2020-01-16,NQH0,396521.0,1365.0
2020-01-17,NQH0,430284.0,1365.0
2020-01-20,NQH0,63909.0,1134.0
2020-01-21,NQH0,461659.0,1364.0
2020-01-22,NQH0,515577.0,1365.0
2020-01-23,NQH0,612677.0,1365.0
2020-01-24,NQH0,753007.0,1364.0
2020-01-27,NQH0,787851.0,1365.0
2020-01-28,NQH0,628972.0,1365.0
2020-01-29,NQH0,569093.0,1365.0
2020-01-30,NQH0,843990.0,1365.0
2020-01-31,NQH0,888967.0,1365.0
2020-02-03,NQH0,675710.0,1365.0
2020-02-04,NQH0,559692.0,1365.0
2020-02-05,NQH0,719802.0,1365.0
2020-02-06,NQH0,541875.0,1365.0
2020-02-07,NQH0,588256.0,1365.0
2020-02-10,NQH0,496113.0,1365.0
2020-02-11,NQH0,581402.0,1365.0
2020-02-12,NQH0,448184.0,1365.0
2020-02-13,NQH0,608204.0,1365.0
2020-02-14,NQH0,481143.0,1365.0
2020-02-17,NQH0,89535.0,1139.0
2020-02-18,NQH0,575447.0,1365.0
2020-02-19,NQH0,415596.0,1365.0
2020-02-20,NQH0,796730.0,1365.0
2020-02-21,NQH0,901875.0,1365.0
2020-02-24,NQH0,1152841.0,1365.0
2020-02-25,NQH0,1336413.0,1365.0
2020-02-26,NQH0,1241967.0,1365.0
2020-02-27,NQH0,1559241.0,1365.0
2020-02-28,NQH0,894694.0,1019.0
2020-03-02,NQH0,1340838.0,1365.0
2020-03-03,NQH0,1278130.0,1365.0
2020-03-04,NQH0,926077.0,1365.0
2020-03-05,NQH0,941583.0,1365.0
2020-03-06,NQH0,1084162.0,1365.0
2020-03-09,NQH0,547166.0,1110.0
2020-03-10,NQH0,965042.0,1365.0
2020-03-11,NQH0,974943.0,1365.0
2020-03-12,NQH0,846715.0,1315.0
2020-03-13,NQH0,505323.0,1306.0
2020-03-16,NQM0,341994.0,561.0
2020-03-17,NQM0,480861.0,1065.0
2020-03-18,NQM0,466256.0,955.0
2020-03-19,NQM0,487005.0,1365.0
2020-03-20,NQM0,554299.0,1347.0
2020-03-23,NQM0,623739.0,1314.0
2020-03-24,NQM0,543906.0,1345.0
2020-03-25,NQM0,648678.0,1365.0
2020-03-26,NQM0,557192.0,1365.0
2020-03-27,NQM0,436888.0,1365.0
2020-03-30,NQM0,414418.0,1366.0
2020-03-31,NQM0,417821.0,1367.0
2020-04-01,NQM0,407199.0,1366.0
2020-04-02,NQM0,433575.0,1365.0
2020-04-03,NQM0,346261.0,1365.0
2020-04-06,NQM0,385410.0,1365.0
2020-04-07,NQM0,526926.0,1365.0
2020-04-08,NQM0,420097.0,1365.0
2020-04-09,NQM0,519885.0,1365.0
2020-04-13,NQM0,381357.0,1365.0
2020-04-14,NQM0,421967.0,1365.0
2020-04-15,NQM0,401671.0,1365.0
2020-04-16,NQM0,530072.0,1365.0
2020-04-17,NQM0,501347.0,1365.0
2020-04-20,NQM0,424897.0,1365.0
2020-04-21,NQM0,576930.0,1365.0
2020-04-22,NQM0,370120.0,1365.0
2020-04-23,NQM0,433321.0,1365.0
2020-04-24,NQM0,376943.0,1365.0
2020-04-27,NQM0,351112.0,1365.0
2020-04-28,NQM0,437382.0,1365.0
2020-04-29,NQM0,425668.0,1365.0
2020-04-30,NQM0,459847.0,1365.0
2020-05-01,NQM0,405803.0,1365.0
2020-05-04,NQM0,377791.0,1365.0
2020-05-05,NQM0,365042.0,1365.0
2020-05-06,NQM0,411484.0,1365.0
2020-05-07,NQM0,381501.0,1365.0
2020-05-08,NQM0,356755.0,1365.0
2020-05-11,NQM0,394954.0,1365.0
2020-05-12,NQM0,499236.0,1365.0
2020-05-13,NQM0,699581.0,1365.0
2020-05-14,NQM0,635461.0,1365.0
2020-05-15,NQM0,530901.0,1365.0
2020-05-18,NQM0,394364.0,1365.0
2020-05-19,NQM0,390916.0,1365.0
2020-05-20,NQM0,363930.0,1365.0
2020-05-21,NQM0,426940.0,1365.0
2020-05-22,NQM0,361155.0,1365.0
2020-05-25,NQM0,78615.0,1140.0
2020-05-26,NQM0,403155.0,1364.0
2020-05-27,NQM0,553885.0,1365.0
2020-05-28,NQM0,505282.0,1365.0
2020-05-29,NQM0,524740.0,1365.0
2020-06-01,NQM0,342521.0,1365.0
2020-06-02,NQM0,384069.0,1365.0
2020-06-03,NQM0,370350.0,1365.0
2020-06-04,NQM0,457133.0,1365.0
2020-06-05,NQM0,504970.0,1365.0
2020-06-08,NQM0,386348.0,1365.0
2020-06-09,NQM0,433764.0,1365.0
2020-06-10,NQM0,549385.0,1365.0
2020-06-11,NQM0,800680.0,1365.0
2020-06-12,NQM0,452083.0,1365.0
2020-06-15,NQU0,340297.0,1363.0
2020-06-16,NQU0,536028.0,1365.0
2020-06-17,NQU0,372255.0,1365.0
2020-06-18,NQU0,407733.0,1365.0
2020-06-19,NQU0,509076.0,1365.0
2020-06-22,NQU0,351867.0,1365.0
2020-06-23,NQU0,404488.0,1365.0
2020-06-24,NQU0,656715.0,1365.0
2020-06-25,NQU0,509716.0,1365.0
2020-06-26,NQU0,570709.0,1365.0
2020-06-29,NQU0,474640.0,1365.0
2020-06-30,NQU0,161333.0,971.0
2020-07-01,NQU0,392777.0,1245.0
2020-07-02,NQU0,399340.0,1365.0
2020-07-03,NQU0,67005.0,1140.0
2020-07-06,NQU0,411811.0,1365.0
2020-07-07,NQU0,460778.0,1365.0
2020-07-08,NQU0,474837.0,1365.0
2020-07-09,NQU0,601335.0,1365.0
2020-07-10,NQU0,521764.0,1365.0
2020-07-13,NQU0,727669.0,1365.0
2020-07-14,NQU0,907929.0,1365.0
2020-07-15,NQU0,700322.0,1365.0
2020-07-16,NQU0,609858.0,1365.0
2020-07-17,NQU0,435778.0,1365.0
2020-07-20,NQU0,491282.0,1365.0
2020-07-21,NQU0,582625.0,1365.0
2020-07-22,NQU0,481771.0,1365.0
2020-07-23,NQU0,633776.0,1365.0
2020-07-24,NQU0,647300.0,1365.0
2020-07-27,NQU0,441154.0,1365.0
2020-07-28,NQU0,440794.0,1365.0
2020-07-29,NQU0,364995.0,1365.0
2020-07-30,NQU0,517384.0,1365.0
2020-07-31,NQU0,620274.0,1365.0
2020-08-03,NQU0,386036.0,1365.0
2020-08-04,NQU0,392396.0,1364.0
2020-08-05,NQU0,346886.0,1365.0
2020-08-06,NQU0,417564.0,1364.0
2020-08-07,NQU0,525809.0,1364.0
2020-08-10,NQU0,478838.0,1365.0
2020-08-11,NQU0,554130.0,1365.0
2020-08-12,NQU0,425460.0,1365.0
2020-08-13,NQU0,409935.0,1365.0
2020-08-14,NQU0,389744.0,1365.0
2020-08-17,NQU0,238717.0,1364.0
2020-08-18,NQU0,323535.0,1364.0
2020-08-19,NQU0,404937.0,1365.0
2020-08-20,NQU0,396384.0,1365.0
2020-08-21,NQU0,409920.0,1365.0
2020-08-24,NQU0,611896.0,1365.0
2020-08-25,NQU0,488109.0,1365.0
2020-08-26,NQU0,568849.0,1365.0
2020-08-27,NQU0,704462.0,1365.0
2020-08-28,NQU0,486904.0,1364.0
2020-08-31,NQU0,475750.0,1365.0
2020-09-01,NQU0,511566.0,1365.0
2020-09-02,NQU0,719067.0,1365.0
2020-09-03,NQU0,916195.0,1365.0
2020-09-04,NQU0,1179208.0,1365.0
2020-09-07,NQU0,149180.0,1140.0
2020-09-08,NQU0,845503.0,1365.0
2020-09-09,NQU0,693562.0,1365.0
2020-09-10,NQU0,838144.0,1365.0
2020-09-11,NQU0,412030.0,1365.0
2020-09-14,NQZ0,437469.0,1365.0
2020-09-15,NQZ0,438104.0,1364.0
2020-09-16,NQZ0,562101.0,1365.0
2020-09-17,NQZ0,765377.0,1365.0
2020-09-18,NQZ0,763379.0,1365.0
2020-09-21,NQZ0,719687.0,1365.0
2020-09-22,NQZ0,568918.0,1365.0
2020-09-23,NQZ0,651190.0,1365.0
2020-09-24,NQZ0,776331.0,1365.0
2020-09-25,NQZ0,582575.0,1365.0
2020-09-28,NQZ0,542767.0,1365.0
2020-09-29,NQZ0,437192.0,1365.0
2020-09-30,NQZ0,636121.0,1365.0
2020-10-01,NQZ0,559213.0,1365.0
2020-10-02,NQZ0,782575.0,1365.0
2020-10-05,NQZ0,390995.0,1365.0
2020-10-06,NQZ0,600322.0,1365.0
2020-10-07,NQZ0,438746.0,1365.0
2020-10-08,NQZ0,401397.0,1365.0
2020-10-09,NQZ0,401678.0,1365.0
2020-10-12,NQZ0,716368.0,1365.0
2020-10-13,NQZ0,732027.0,1365.0
2020-10-14,NQZ0,591697.0,1365.0
2020-10-15,NQZ0,588015.0,1365.0
2020-10-16,NQZ0,520247.0,1365.0
2020-10-19,NQZ0,618655.0,1365.0
2020-10-20,NQZ0,620057.0,1365.0
2020-10-21,NQZ0,598765.0,1365.0
2020-10-22,NQZ0,578428.0,1365.0
2020-10-23,NQZ0,496216.0,1365.0
2020-10-26,NQZ0,668516.0,1365.0
2020-10-27,NQZ0,548857.0,1365.0
2020-10-28,NQZ0,742040.0,1364.0
2020-10-29,NQZ0,600851.0,1365.0
2020-10-30,NQZ0,792485.0,1365.0
2020-11-01,NQZ0,44030.0,360.0
2020-11-02,NQZ0,554790.0,1005.0
2020-11-03,NQZ0,504048.0,1365.0
2020-11-04,NQZ0,821447.0,1364.0
2020-11-05,NQZ0,568974.0,1365.0
2020-11-06,NQZ0,546448.0,1365.0
2020-11-09,NQZ0,711692.0,1364.0
2020-11-10,NQZ0,818860.0,1365.0
2020-11-11,NQZ0,538005.0,1365.0
2020-11-12,NQZ0,550844.0,1365.0
2020-11-13,NQZ0,442990.0,1365.0
2020-11-16,NQZ0,467452.0,1365.0
2020-11-17,NQZ0,396137.0,1365.0
2020-11-18,NQZ0,469212.0,1365.0
2020-11-19,NQZ0,419036.0,1365.0
2020-11-20,NQZ0,355508.0,1365.0
2020-11-23,NQZ0,422923.0,1365.0
2020-11-24,NQZ0,396380.0,1365.0
2020-11-25,NQZ0,382969.0,1365.0
2020-11-26,NQZ0,67231.0,1140.0
2020-11-27,NQZ0,225350.0,1155.0
2020-11-30,NQZ0,489507.0,1365.0
2020-12-01,NQZ0,459837.0,1365.0
2020-12-02,NQZ0,397605.0,1365.0
2020-12-03,NQZ0,371048.0,1365.0
2020-12-04,NQZ0,315086.0,1365.0
2020-12-07,NQZ0,319823.0,1365.0
2020-12-08,NQZ0,357605.0,1365.0
2020-12-09,NQZ0,615982.0,1365.0
2020-12-10,NQZ0,501630.0,1365.0
2020-12-11,NQZ0,308077.0,1365.0
2020-12-14,NQH1,339515.0,1359.0
2020-12-15,NQH1,333061.0,1365.0
2020-12-16,NQH1,352175.0,1365.0
2020-12-17,NQH1,359961.0,1365.0
2020-12-18,NQH1,452257.0,1365.0
2020-12-21,NQH1,595910.0,1365.0
2020-12-22,NQH1,454608.0,1365.0
2020-12-23,NQH1,354492.0,1365.0
2020-12-24,NQH1,171534.0,1155.0
2020-12-28,NQH1,341704.0,1365.0
2020-12-29,NQH1,390966.0,1365.0
2020-12-30,NQH1,331621.0,1365.0
2020-12-31,NQH1,277054.0,1365.0
2021-01-04,NQH1,644065.0,1365.0
2021-01-05,NQH1,478886.0,1365.0
2021-01-06,NQH1,743824.0,1365.0
2021-01-07,NQH1,430826.0,1365.0
2021-01-08,NQH1,502729.0,1365.0
2021-01-11,NQH1,448007.0,1365.0
2021-01-12,NQH1,457113.0,1365.0
2021-01-13,NQH1,411182.0,1365.0
2021-01-14,NQH1,412876.0,1365.0
2021-01-15,NQH1,532387.0,1365.0
2021-01-18,NQH1,66738.0,1140.0
2021-01-19,NQH1,411121.0,1365.0
2021-01-20,NQH1,430922.0,1365.0
2021-01-21,NQH1,418512.0,1365.0
2021-01-22,NQH1,403927.0,1365.0
2021-01-25,NQH1,657980.0,1365.0
2021-01-26,NQH1,496447.0,1365.0
2021-01-27,NQH1,777205.0,1364.0
2021-01-28,NQH1,615791.0,1365.0
2021-01-29,NQH1,728579.0,1365.0
2021-02-01,NQH1,543230.0,1365.0
2021-02-02,NQH1,483687.0,1365.0
2021-02-03,NQH1,494279.0,1365.0
2021-02-04,NQH1,404863.0,1365.0
2021-02-05,NQH1,425642.0,1365.0
2021-02-08,NQH1,390481.0,1365.0
2021-02-09,NQH1,363942.0,1365.0
2021-02-10,NQH1,548433.0,1365.0
2021-02-11,NQH1,491500.0,1364.0
2021-02-12,NQH1,388705.0,1365.0
2021-02-15,NQH1,60606.0,1139.0
2021-02-16,NQH1,535885.0,1365.0
2021-02-17,NQH1,574282.0,1365.0
2021-02-18,NQH1,563596.0,1365.0
2021-02-19,NQH1,523110.0,1365.0
2021-02-22,NQH1,633615.0,1365.0
2021-02-23,NQH1,849721.0,1365.0
2021-02-24,NQH1,656398.0,1365.0
2021-02-25,NQH1,874287.0,1365.0
2021-02-26,NQH1,827028.0,1365.0
2021-03-01,NQH1,505368.0,1365.0
2021-03-02,NQH1,556858.0,1365.0
2021-03-03,NQH1,742319.0,1365.0
2021-03-04,NQH1,1041713.0,1365.0
2021-03-05,NQH1,1003149.0,1365.0
2021-03-08,NQH1,735091.0,1365.0
2021-03-09,NQH1,629547.0,1365.0
2021-03-10,NQH1,703746.0,1365.0
2021-03-11,NQH1,479084.0,1365.0
2021-03-12,NQH1,389008.0,1365.0
2021-03-15,NQM1,311508.0,1365.0
2021-03-16,NQM1,466749.0,1365.0
2021-03-17,NQM1,596475.0,1365.0
2021-03-18,NQM1,664816.0,1365.0
2021-03-19,NQM1,628009.0,1365.0
2021-03-22,NQM1,467284.0,1365.0
2021-03-23,NQM1,596405.0,1365.0
2021-03-24,NQM1,621341.0,1365.0
2021-03-25,NQM1,737777.0,1364.0
2021-03-26,NQM1,613847.0,1365.0
2021-03-29,NQM1,568559.0,1365.0
2021-03-30,NQM1,508996.0,1365.0
2021-03-31,NQM1,470169.0,1364.0
2021-04-01,NQM1,422683.0,1365.0
2021-04-02,NQM1,41583.0,910.0
2021-04-05,NQM1,349179.0,1365.0
2021-04-06,NQM1,451748.0,1365.0
2021-04-07,NQM1,427722.0,1365.0
2021-04-08,NQM1,430200.0,1365.0
2021-04-09,NQM1,487137.0,1365.0
2021-04-12,NQM1,448752.0,1365.0
2021-04-13,NQM1,484035.0,1365.0
2021-04-14,NQM1,656291.0,1365.0
2021-04-15,NQM1,514829.0,1365.0
2021-04-16,NQM1,489856.0,1365.0
2021-04-19,NQM1,608573.0,1365.0
2021-04-20,NQM1,603200.0,1365.0
2021-04-21,NQM1,500065.0,1365.0
2021-04-22,NQM1,615655.0,1365.0
2021-04-23,NQM1,439942.0,1365.0
2021-04-26,NQM1,396138.0,1365.0
2021-04-27,NQM1,406657.0,1365.0
2021-04-28,NQM1,497518.0,1365.0
2021-04-29,NQM1,588090.0,1365.0
2021-04-30,NQM1,547890.0,1365.0
2021-05-03,NQM1,468868.0,1365.0
2021-05-04,NQM1,655748.0,1365.0
2021-05-05,NQM1,515251.0,1364.0
2021-05-06,NQM1,562330.0,1365.0
2021-05-07,NQM1,540112.0,1365.0
2021-05-10,NQM1,591916.0,1365.0
2021-05-11,NQM1,782105.0,1365.0
2021-05-12,NQM1,747500.0,1365.0
2021-05-13,NQM1,716426.0,1365.0
2021-05-14,NQM1,464835.0,1365.0
2021-05-17,NQM1,479943.0,1365.0
2021-05-18,NQM1,434380.0,1364.0
2021-05-19,NQM1,659707.0,1365.0
2021-05-20,NQM1,459605.0,1365.0
2021-05-21,NQM1,447710.0,1365.0
2021-05-24,NQM1,360738.0,1365.0
2021-05-25,NQM1,432579.0,1365.0
2021-05-26,NQM1,338625.0,1365.0
2021-05-27,NQM1,385903.0,1365.0
2021-05-28,NQM1,362307.0,1365.0
2021-05-31,NQM1,48323.0,1136.0
2021-06-01,NQM1,395687.0,1365.0
2021-06-02,NQM1,369647.0,1365.0
2021-06-03,NQM1,546891.0,1364.0
2021-06-04,NQM1,435765.0,1365.0
2021-06-07,NQM1,386471.0,1365.0
2021-06-08,NQM1,475550.0,1365.0
2021-06-09,NQM1,370476.0,1365.0
2021-06-10,NQM1,463041.0,1365.0
2021-06-11,NQM1,204734.0,1364.0
2021-06-14,NQU1,292887.0,1363.0
2021-06-15,NQU1,374447.0,1365.0
2021-06-16,NQU1,527438.0,1364.0
2021-06-17,NQU1,626407.0,1365.0
2021-06-18,NQU1,559139.0,1365.0
2021-06-21,NQU1,497728.0,1365.0
2021-06-22,NQU1,416591.0,1365.0
2021-06-23,NQU1,360210.0,1365.0
2021-06-24,NQU1,405545.0,1364.0
2021-06-25,NQU1,375514.0,1365.0
2021-06-28,NQU1,370578.0,1380.0
2021-06-29,NQU1,355298.0,1380.0
2021-06-30,NQU1,378438.0,1380.0
2021-07-01,NQU1,431440.0,1380.0
2021-07-02,NQU1,384271.0,1380.0
2021-07-05,NQU1,49177.0,1140.0
2021-07-06,NQU1,498391.0,1380.0
2021-07-07,NQU1,467768.0,1380.0
2021-07-08,NQU1,627177.0,1380.0
2021-07-09,NQU1,418443.0,1380.0
2021-07-12,NQU1,357788.0,1380.0
2021-07-13,NQU1,502549.0,1379.0
2021-07-14,NQU1,495642.0,1380.0
2021-07-15,NQU1,621837.0,1379.0
2021-07-16,NQU1,532082.0,1380.0
2021-07-19,NQU1,708070.0,1380.0
2021-07-20,NQU1,521594.0,1380.0
2021-07-21,NQU1,397617.0,1380.0
2021-07-22,NQU1,417799.0,1380.0
2021-07-23,NQU1,440826.0,1380.0
2021-07-26,NQU1,387258.0,1380.0
2021-07-27,NQU1,664412.0,1378.0
2021-07-28,NQU1,573764.0,1380.0
2021-07-29,NQU1,410525.0,1380.0
2021-07-30,NQU1,499644.0,1380.0
2021-08-02,NQU1,442644.0,1380.0
2021-08-03,NQU1,516355.0,1380.0
2021-08-04,NQU1,439586.0,1380.0
2021-08-05,NQU1,336931.0,1380.0
2021-08-06,NQU1,413388.0,1380.0
2021-08-09,NQU1,356032.0,1380.0
2021-08-10,NQU1,468981.0,1380.0
2021-08-11,NQU1,474396.0,1380.0
2021-08-12,NQU1,382289.0,1380.0
2021-08-13,NQU1,361981.0,1379.0
2021-08-16,NQU1,585649.0,1380.0
2021-08-17,NQU1,680765.0,1380.0
2021-08-18,NQU1,562340.0,1380.0
2021-08-19,NQU1,721952.0,1380.0
2021-08-20,NQU1,496280.0,1380.0
2021-08-23,NQU1,405392.0,1380.0
2021-08-24,NQU1,362586.0,1380.0
2021-08-25,NQU1,402843.0,1380.0
2021-08-26,NQU1,561658.0,1380.0
2021-08-27,NQU1,435647.0,1380.0
2021-08-30,NQU1,412522.0,1380.0
2021-08-31,NQU1,514528.0,1380.0
2021-09-01,NQU1,458595.0,1380.0
2021-09-02,NQU1,458509.0,1380.0
2021-09-03,NQU1,456436.0,1380.0
2021-09-06,NQU1,56429.0,1136.0
2021-09-07,NQU1,477808.0,1379.0
2021-09-08,NQU1,550063.0,1380.0
2021-09-09,NQU1,511866.0,1380.0
2021-09-10,NQU1,327736.0,1379.0
2021-09-13,NQZ1,473059.0,1380.0
2021-09-14,NQZ1,467456.0,1379.0
2021-09-15,NQZ1,470956.0,1380.0
2021-09-16,NQZ1,451069.0,1380.0
2021-09-17,NQZ1,626460.0,1380.0
2021-09-20,NQZ1,834097.0,1380.0
2021-09-21,NQZ1,656764.0,1380.0
2021-09-22,NQZ1,595615.0,1380.0
2021-09-23,NQZ1,506874.0,1380.0
2021-09-24,NQZ1,462323.0,1380.0
2021-09-27,NQZ1,534952.0,1380.0
2021-09-28,NQZ1,822661.0,1380.0
2021-09-29,NQZ1,643408.0,1380.0
2021-09-30,NQZ1,693549.0,1380.0
2021-10-01,NQZ1,656834.0,1380.0
2021-10-04,NQZ1,794012.0,1380.0
2021-10-05,NQZ1,566665.0,1380.0
2021-10-06,NQZ1,752582.0,1380.0
2021-10-07,NQZ1,490219.0,1380.0
2021-10-08,NQZ1,547172.0,1380.0
2021-10-11,NQZ1,508164.0,1380.0
2021-10-12,NQZ1,596259.0,1380.0
2021-10-13,NQZ1,544948.0,1380.0
2021-10-14,NQZ1,418944.0,1379.0
2021-10-15,NQZ1,430425.0,1380.0
2021-10-18,NQZ1,419449.0,1380.0
2021-10-19,NQZ1,379360.0,1380.0
2021-10-20,NQZ1,445283.0,1380.0
2021-10-21,NQZ1,433302.0,1380.0
2021-10-22,NQZ1,540553.0,1380.0
2021-10-25,NQZ1,451858.0,1380.0
2021-10-26,NQZ1,575429.0,1380.0
2021-10-27,NQZ1,529530.0,1380.0
2021-10-28,NQZ1,493609.0,1380.0
2021-10-29,NQZ1,480246.0,1380.0
2021-11-01,NQZ1,406825.0,1379.0
2021-11-02,NQZ1,416144.0,1380.0
2021-11-03,NQZ1,444077.0,1380.0
2021-11-04,NQZ1,516507.0,1380.0
2021-11-05,NQZ1,520157.0,1380.0
2021-11-07,NQZ1,25338.0,360.0
2021-11-08,NQZ1,386630.0,1019.0
2021-11-09,NQZ1,554796.0,1380.0
2021-11-10,NQZ1,651868.0,1380.0
2021-11-11,NQZ1,431255.0,1380.0
2021-11-12,NQZ1,416321.0,1380.0
2021-11-15,NQZ1,478866.0,1380.0
2021-11-16,NQZ1,420500.0,1380.0
2021-11-17,NQZ1,452811.0,1380.0
2021-11-18,NQZ1,593482.0,1380.0
2021-11-19,NQZ1,539481.0,1380.0
2021-11-22,NQZ1,760753.0,1380.0
2021-11-23,NQZ1,892466.0,1380.0
2021-11-24,NQZ1,649567.0,1380.0
2021-11-25,NQZ1,69045.0,1140.0
2021-11-26,NQZ1,600201.0,1155.0
2021-11-29,NQZ1,591322.0,1380.0
2021-11-30,NQZ1,842287.0,1380.0
2021-12-01,NQZ1,853902.0,1380.0
2021-12-02,NQZ1,848749.0,1380.0
2021-12-03,NQZ1,887284.0,1380.0
2021-12-06,NQZ1,685621.0,1380.0
2021-12-07,NQZ1,581779.0,1380.0
2021-12-08,NQZ1,487046.0,1380.0
2021-12-09,NQZ1,571964.0,1379.0
2021-12-10,NQH2,360582.0,1379.0
2021-12-13,NQH2,463957.0,1379.0
2021-12-14,NQH2,614901.0,1380.0
2021-12-15,NQH2,694899.0,1380.0
2021-12-16,NQH2,759024.0,1380.0
2021-12-17,NQH2,789976.0,1380.0
2021-12-20,NQH2,667240.0,1380.0
2021-12-21,NQH2,525724.0,1380.0
2021-12-22,NQH2,470801.0,1380.0
2021-12-23,NQH2,342116.0,1378.0
2021-12-27,NQH2,342714.0,1380.0
2021-12-28,NQH2,450279.0,1380.0
2021-12-29,NQH2,350903.0,1380.0
2021-12-30,NQH2,297625.0,1380.0
2021-12-31,NQH2,356417.0,1380.0
2022-01-03,NQH2,504450.0,1380.0
2022-01-04,NQH2,662505.0,1378.0
2022-01-05,NQH2,757475.0,1380.0
2022-01-06,NQH2,795973.0,1380.0
2022-01-07,NQH2,691221.0,1380.0
2022-01-10,NQH2,878786.0,1380.0
2022-01-11,NQH2,699955.0,1380.0
2022-01-12,NQH2,667343.0,1380.0
2022-01-13,NQH2,755580.0,1380.0
2022-01-14,NQH2,787445.0,1380.0
2022-01-17,NQH2,112541.0,1140.0
2022-01-18,NQH2,745245.0,1380.0
2022-01-19,NQH2,770382.0,1380.0
2022-01-20,NQH2,761353.0,1380.0
2022-01-21,NQH2,1028616.0,1380.0
2022-01-24,NQH2,1303230.0,1380.0
2022-01-25,NQH2,946402.0,1380.0
2022-01-26,NQH2,891406.0,1380.0
2022-01-27,NQH2,859780.0,1380.0
2022-01-28,NQH2,865706.0,1380.0
2022-01-31,NQH2,633957.0,1380.0
2022-02-01,NQH2,588584.0,1380.0
2022-02-02,NQH2,634118.0,1380.0
2022-02-03,NQH2,718006.0,1380.0
2022-02-04,NQH2,756854.0,1380.0
2022-02-07,NQH2,557023.0,1380.0
2022-02-08,NQH2,604136.0,1380.0
2022-02-09,NQH2,524003.0,1380.0
2022-02-10,NQH2,819340.0,1380.0
2022-02-11,NQH2,826196.0,1380.0
2022-02-14,NQH2,728325.0,1380.0
2022-02-15,NQH2,555548.0,1380.0
2022-02-16,NQH2,588400.0,1379.0
2022-02-17,NQH2,623351.0,1380.0
2022-02-18,NQH2,755017.0,1380.0
2022-02-21,NQH2,237329.0,1140.0
2022-02-22,NQH2,866783.0,1380.0
2022-02-23,NQH2,703160.0,1380.0
2022-02-24,NQH2,1108984.0,1380.0
2022-02-25,NQH2,775139.0,1380.0
2022-02-28,NQH2,745430.0,1380.0
2022-03-01,NQH2,638647.0,1380.0
2022-03-02,NQH2,620637.0,1380.0
2022-03-03,NQH2,591227.0,1380.0
2022-03-04,NQH2,716139.0,1380.0
2022-03-07,NQH2,702994.0,1380.0
2022-03-08,NQH2,827156.0,1380.0
2022-03-09,NQH2,639501.0,1380.0
2022-03-10,NQH2,577120.0,1380.0
2022-03-11,NQH2,374044.0,1380.0
2022-03-14,NQM2,467073.0,1380.0
2022-03-15,NQM2,483606.0,1380.0
2022-03-16,NQM2,606412.0,1380.0
2022-03-17,NQM2,496084.0,1380.0
2022-03-18,NQM2,543218.0,1380.0
2022-03-21,NQM2,580301.0,1380.0
2022-03-22,NQM2,501944.0,1380.0
2022-03-23,NQM2,543738.0,1380.0
2022-03-24,NQM2,509230.0,1380.0
2022-03-25,NQM2,545812.0,1380.0
2022-03-28,NQM2,528091.0,1380.0
2022-03-29,NQM2,547396.0,1380.0
2022-03-30,NQM2,505564.0,1380.0
2022-03-31,NQM2,549683.0,1380.0
2022-04-01,NQM2,534666.0,1380.0
2022-04-04,NQM2,451403.0,1380.0
2022-04-05,NQM2,556453.0,1380.0
2022-04-06,NQM2,775509.0,1380.0
2022-04-07,NQM2,640433.0,1380.0
2022-04-08,NQM2,634753.0,1379.0
2022-04-11,NQM2,563655.0,1380.0
2022-04-12,NQM2,701632.0,1380.0
2022-04-13,NQM2,523210.0,1380.0
2022-04-14,NQM2,538470.0,1380.0
2022-04-18,NQM2,489413.0,1380.0
2022-04-19,NQM2,550045.0,1380.0
2022-04-20,NQM2,600509.0,1380.0
2022-04-21,NQM2,678743.0,1380.0
2022-04-22,NQM2,723764.0,1380.0
2022-04-25,NQM2,741421.0,1380.0
2022-04-26,NQM2,745995.0,1380.0
2022-04-27,NQM2,809634.0,1380.0
2022-04-28,NQM2,745221.0,1380.0
2022-04-29,NQM2,713924.0,1380.0
2022-05-02,NQM2,754546.0,1380.0
2022-05-03,NQM2,655425.0,1380.0
2022-05-04,NQM2,694891.0,1380.0
2022-05-05,NQM2,864490.0,1380.0
2022-05-06,NQM2,841092.0,1380.0
2022-05-09,NQM2,799543.0,1380.0
2022-05-10,NQM2,839291.0,1380.0
2022-05-11,NQM2,851978.0,1380.0
2022-05-12,NQM2,868922.0,1380.0
2022-05-13,NQM2,652766.0,1380.0
2022-05-16,NQM2,619832.0,1380.0
2022-05-17,NQM2,647510.0,1380.0
2022-05-18,NQM2,725133.0,1380.0
2022-05-19,NQM2,820510.0,1380.0
2022-05-20,NQM2,793434.0,1380.0
2022-05-23,NQM2,652250.0,1380.0
2022-05-24,NQM2,707631.0,1380.0
2022-05-25,NQM2,663592.0,1380.0
2022-05-26,NQM2,603902.0,1379.0
2022-05-27,NQM2,598888.0,1380.0
2022-05-30,NQM2,126831.0,1140.0
2022-05-31,NQM2,694323.0,1380.0
2022-06-01,NQM2,672372.0,1380.0
2022-06-02,NQM2,615114.0,1380.0
2022-06-03,NQM2,641540.0,1380.0
2022-06-06,NQM2,531252.0,1379.0
2022-06-07,NQM2,572999.0,1380.0
2022-06-08,NQM2,569423.0,1380.0
2022-06-09,NQM2,653279.0,1380.0
2022-06-10,NQM2,549856.0,1380.0
2022-06-13,NQU2,610767.0,1380.0
2022-06-14,NQU2,606593.0,1380.0
2022-06-15,NQU2,700856.0,1380.0
2022-06-16,NQU2,792262.0,1380.0
2022-06-17,NQU2,714314.0,1380.0
2022-06-20,NQU2,130346.0,1140.0
2022-06-21,NQU2,516942.0,1380.0
2022-06-22,NQU2,626659.0,1380.0
2022-06-23,NQU2,621938.0,1380.0
2022-06-24,NQU2,552725.0,1380.0
2022-06-27,NQU2,554311.0,1380.0
2022-06-28,NQU2,627054.0,1380.0
2022-06-29,NQU2,579224.0,1380.0
2022-06-30,NQU2,730730.0,1380.0
2022-07-01,NQU2,601348.0,1380.0
2022-07-04,NQU2,79315.0,1140.0
2022-07-05,NQU2,704544.0,1380.0
2022-07-06,NQU2,641910.0,1380.0
2022-07-07,NQU2,539083.0,1380.0
2022-07-08,NQU2,630490.0,1380.0
2022-07-11,NQU2,569183.0,1380.0
2022-07-12,NQU2,603608.0,1380.0
2022-07-13,NQU2,728825.0,1380.0
2022-07-14,NQU2,647926.0,1380.0
2022-07-15,NQU2,550861.0,1380.0
2022-07-18,NQU2,545318.0,1380.0
2022-07-19,NQU2,577279.0,1380.0
2022-07-20,NQU2,637081.0,1380.0
2022-07-21,NQU2,597990.0,1380.0
2022-07-22,NQU2,624236.0,1380.0
2022-07-25,NQU2,486408.0,1380.0
2022-07-26,NQU2,528799.0,1380.0
2022-07-27,NQU2,623675.0,1379.0
2022-07-28,NQU2,640692.0,1380.0
2022-07-29,NQU2,578149.0,1380.0
2022-08-01,NQU2,616110.0,1380.0
2022-08-02,NQU2,669981.0,1380.0
2022-08-03,NQU2,680002.0,1380.0
2022-08-04,NQU2,538038.0,1380.0
2022-08-05,NQU2,681251.0,1380.0
2022-08-08,NQU2,592709.0,1380.0
2022-08-09,NQU2,547918.0,1380.0
2022-08-10,NQU2,596246.0,1380.0
2022-08-11,NQU2,612298.0,1380.0
2022-08-12,NQU2,494268.0,1380.0
2022-08-15,NQU2,458277.0,1380.0
2022-08-16,NQU2,550629.0,1379.0
2022-08-17,NQU2,606216.0,1380.0
2022-08-18,NQU2,520545.0,1379.0
2022-08-19,NQU2,609495.0,1380.0
2022-08-22,NQU2,588481.0,1380.0
2022-08-23,NQU2,566716.0,1380.0
2022-08-24,NQU2,497726.0,1380.0
2022-08-25,NQU2,535226.0,1380.0
2022-08-26,NQU2,742005.0,1380.0
2022-08-29,NQU2,690307.0,1380.0
2022-08-30,NQU2,791611.0,1380.0
2022-08-31,NQU2,665188.0,1380.0
2022-09-01,NQU2,817207.0,1380.0
2022-09-02,NQU2,827044.0,1380.0
2022-09-05,NQU2,132330.0,1140.0
2022-09-06,NQU2,752452.0,1380.0
2022-09-07,NQU2,667355.0,1380.0
2022-09-08,NQU2,716074.0,1380.0
2022-09-09,NQU2,482530.0,1380.0
2022-09-12,NQZ2,367205.0,1379.0
2022-09-13,NQZ2,611774.0,1380.0
2022-09-14,NQZ2,639020.0,1380.0
2022-09-15,NQZ2,712732.0,1380.0
2022-09-16,NQZ2,740189.0,1380.0
2022-09-19,NQZ2,625812.0,1380.0
2022-09-20,NQZ2,698077.0,1380.0
2022-09-21,NQZ2,813328.0,1380.0
2022-09-22,NQZ2,780902.0,1380.0
2022-09-23,NQZ2,793653.0,1380.0
2022-09-26,NQZ2,801455.0,1380.0
2022-09-27,NQZ2,833069.0,1380.0
2022-09-28,NQZ2,884719.0,1380.0
2022-09-29,NQZ2,878846.0,1380.0
2022-09-30,NQZ2,865575.0,1380.0
2022-10-03,NQZ2,747335.0,1380.0
2022-10-04,NQZ2,759873.0,1380.0
2022-10-05,NQZ2,693069.0,1380.0
2022-10-06,NQZ2,769425.0,1380.0
2022-10-07,NQZ2,750469.0,1380.0
2022-10-10,NQZ2,746649.0,1380.0
2022-10-11,NQZ2,822278.0,1380.0
2022-10-12,NQZ2,722611.0,1380.0
2022-10-13,NQZ2,1033416.0,1379.0
2022-10-14,NQZ2,833656.0,1380.0
2022-10-17,NQZ2,628453.0,1380.0
2022-10-18,NQZ2,826716.0,1380.0
2022-10-19,NQZ2,730151.0,1380.0
2022-10-20,NQZ2,732537.0,1380.0
2022-10-21,NQZ2,828173.0,1380.0
2022-10-24,NQZ2,706408.0,1380.0
2022-10-25,NQZ2,651141.0,1380.0
2022-10-26,NQZ2,769865.0,1380.0
2022-10-27,NQZ2,761967.0,1380.0
2022-10-28,NQZ2,716853.0,1380.0
2022-10-31,NQZ2,598263.0,1380.0
2022-11-01,NQZ2,599463.0,1380.0
2022-11-02,NQZ2,764800.0,1380.0
2022-11-03,NQZ2,692887.0,1380.0
2022-11-04,NQZ2,872460.0,1380.0
2022-11-06,NQZ2,37795.0,360.0
2022-11-07,NQZ2,507856.0,1020.0
2022-11-08,NQZ2,717993.0,1380.0
2022-11-09,NQZ2,653941.0,1380.0
2022-11-10,NQZ2,838935.0,1380.0
2022-11-11,NQZ2,674991.0,1380.0
2022-11-14,NQZ2,567983.0,1380.0
2022-11-15,NQZ2,765481.0,1380.0
2022-11-16,NQZ2,568951.0,1380.0
2022-11-17,NQZ2,645645.0,1380.0
2022-11-18,NQZ2,578497.0,1380.0
2022-11-21,NQZ2,474645.0,1380.0
2022-11-22,NQZ2,524885.0,1380.0
2022-11-23,NQZ2,466500.0,1380.0
2022-11-24,NQZ2,57132.0,1138.0
2022-11-25,NQZ2,191273.0,1153.0
2022-11-28,NQZ2,501203.0,1380.0
2022-11-29,NQZ2,552041.0,1380.0
2022-11-30,NQZ2,746434.0,1380.0
2022-12-01,NQZ2,618345.0,1380.0
2022-12-02,NQZ2,581582.0,1380.0
2022-12-05,NQZ2,529609.0,1380.0
2022-12-06,NQZ2,647206.0,1380.0
2022-12-07,NQZ2,624269.0,1380.0
2022-12-08,NQZ2,574685.0,1380.0
2022-12-09,NQZ2,436715.0,1380.0
2022-12-12,NQH3,276912.0,1379.0
2022-12-13,NQH3,663155.0,1378.0
2022-12-14,NQH3,570463.0,1380.0
2022-12-15,NQH3,615708.0,1380.0
2022-12-16,NQH3,653001.0,1380.0
2022-12-19,NQH3,555437.0,1380.0
2022-12-20,NQH3,616189.0,1380.0
2022-12-21,NQH3,623481.0,1380.0
2022-12-22,NQH3,706160.0,1379.0
2022-12-23,NQH3,529843.0,1380.0
2022-12-27,NQH3,493787.0,1380.0
2022-12-28,NQH3,624376.0,1380.0
2022-12-29,NQH3,461005.0,1379.0
2022-12-30,NQH3,457164.0,1378.0
2023-01-03,NQH3,650172.0,1380.0
2023-01-04,NQH3,751121.0,1380.0
2023-01-05,NQH3,689234.0,1380.0
2023-01-06,NQH3,726852.0,1380.0
2023-01-09,NQH3,640088.0,1378.0
2023-01-10,NQH3,555985.0,1380.0
2023-01-11,NQH3,494069.0,1380.0
2023-01-12,NQH3,745360.0,1380.0
2023-01-13,NQH3,476214.0,1380.0
2023-01-16,NQH3,86445.0,1139.0
2023-01-17,NQH3,482891.0,1380.0
2023-01-18,NQH3,608853.0,1380.0
2023-01-19,NQH3,589272.0,1380.0
2023-01-20,NQH3,568664.0,1380.0
2023-01-23,NQH3,586327.0,1379.0
2023-01-24,NQH3,504514.0,1380.0
2023-01-25,NQH3,627872.0,1380.0
2023-01-26,NQH3,612940.0,1380.0
2023-01-27,NQH3,582128.0,1380.0
2023-01-30,NQH3,625724.0,1380.0
2023-01-31,NQH3,579128.0,1380.0
2023-02-01,NQH3,656026.0,1380.0
2023-02-02,NQH3,801056.0,1380.0
2023-02-03,NQH3,811726.0,1380.0
2023-02-06,NQH3,529704.0,1380.0
2023-02-07,NQH3,729611.0,1379.0
2023-02-08,NQH3,572223.0,1380.0
2023-02-09,NQH3,607876.0,1380.0
2023-02-10,NQH3,594599.0,1380.0
2023-02-13,NQH3,461899.0,1380.0
2023-02-14,NQH3,710553.0,1380.0
2023-02-15,NQH3,561173.0,1380.0
2023-02-16,NQH3,669785.0,1380.0
2023-02-17,NQH3,621213.0,1380.0
2023-02-20,NQH3,69227.0,1140.0
2023-02-21,NQH3,532449.0,1379.0
2023-02-22,NQH3,634802.0,1380.0
2023-02-23,NQH3,632855.0,1379.0
2023-02-24,NQH3,631099.0,1380.0
2023-02-27,NQH3,574844.0,1380.0
2023-02-28,NQH3,642448.0,1379.0
2023-03-01,NQH3,750058.0,1380.0
2023-03-02,NQH3,745470.0,1380.0
2023-03-03,NQH3,665967.0,1380.0
2023-03-06,NQH3,603356.0,1380.0
2023-03-07,NQH3,676067.0,1379.0
2023-03-08,NQH3,624025.0,1380.0
2023-03-09,NQH3,797971.0,1380.0
2023-03-10,NQH3,810327.0,1380.0
2023-03-13,NQM3,651370.0,1380.0
2023-03-14,NQM3,639574.0,1380.0
2023-03-15,NQM3,777949.0,1380.0
2023-03-16,NQM3,695398.0,1380.0
2023-03-17,NQM3,714956.0,1380.0
2023-03-20,NQM3,684602.0,1380.0
2023-03-21,NQM3,557070.0,1380.0
2023-03-22,NQM3,702024.0,1380.0
2023-03-23,NQM3,821239.0,1380.0
2023-03-24,NQM3,672747.0,1380.0
2023-03-27,NQM3,554519.0,1380.0
2023-03-28,NQM3,531684.0,1380.0
2023-03-29,NQM3,556155.0,1380.0
2023-03-30,NQM3,571720.0,1380.0
2023-03-31,NQM3,613372.0,1380.0
2023-04-03,NQM3,536114.0,1380.0
2023-04-04,NQM3,571017.0,1379.0
2023-04-05,NQM3,585154.0,1380.0
2023-04-06,NQM3,593315.0,1380.0
2023-04-07,NQM3,41215.0,913.0
2023-04-10,NQM3,548994.0,1380.0
2023-04-11,NQM3,543953.0,1380.0
2023-04-12,NQM3,678746.0,1379.0
2023-04-13,NQM3,546273.0,1380.0
2023-04-14,NQM3,616890.0,1380.0
2023-04-17,NQM3,536727.0,1380.0
2023-04-18,NQM3,567736.0,1379.0
2023-04-19,NQM3,526383.0,1379.0
2023-04-20,NQM3,673041.0,1380.0
2023-04-21,NQM3,587505.0,1380.0
2023-04-24,NQM3,573237.0,1380.0
2023-04-25,NQM3,686298.0,1380.0
2023-04-26,NQM3,744873.0,1380.0
2023-04-27,NQM3,714374.0,1380.0
2023-04-28,NQM3,665795.0,1380.0
2023-05-01,NQM3,484092.0,1380.0
2023-05-02,NQM3,655210.0,1380.0
2023-05-03,NQM3,644034.0,1379.0
2023-05-04,NQM3,650233.0,1380.0
2023-05-05,NQM3,563685.0,1380.0
2023-05-08,NQM3,502250.0,1380.0
2023-05-09,NQM3,548380.0,1378.0
2023-05-10,NQM3,833021.0,1380.0
2023-05-11,NQM3,649523.0,1380.0
2023-05-12,NQM3,618592.0,1380.0
2023-05-15,NQM3,492505.0,1380.0
2023-05-16,NQM3,558715.0,1380.0
2023-05-17,NQM3,613221.0,1380.0
2023-05-18,NQM3,738771.0,1380.0
2023-05-19,NQM3,651963.0,1380.0
2023-05-22,NQM3,531766.0,1380.0
2023-05-23,NQM3,648245.0,1380.0
2023-05-24,NQM3,694987.0,1380.0
2023-05-25,NQM3,806925.0,1380.0
2023-05-26,NQM3,715297.0,1380.0
2023-05-29,NQM3,93274.0,1140.0
2023-05-30,NQM3,779413.0,1380.0
2023-05-31,NQM3,666911.0,1380.0
2023-06-01,NQM3,610797.0,1380.0
2023-06-02,NQM3,614244.0,1380.0
2023-06-05,NQM3,607894.0,1380.0
2023-06-06,NQM3,566093.0,1380.0
2023-06-07,NQM3,756556.0,1378.0
2023-06-08,NQM3,610607.0,1380.0
2023-06-09,NQM3,518929.0,1380.0
2023-06-12,NQU3,385572.0,1375.0
2023-06-13,NQU3,614238.0,1380.0
2023-06-14,NQU3,664659.0,1379.0
2023-06-15,NQU3,680711.0,1380.0
2023-06-16,NQU3,612396.0,1380.0
2023-06-19,NQU3,84818.0,1140.0
2023-06-20,NQU3,555769.0,1379.0
2023-06-21,NQU3,625766.0,1379.0
2023-06-22,NQU3,602196.0,1380.0
2023-06-23,NQU3,610938.0,1380.0
2023-06-26,NQU3,641699.0,1380.0
2023-06-27,NQU3,558233.0,1380.0
2023-06-28,NQU3,654756.0,1380.0
2023-06-29,NQU3,585904.0,1380.0
2023-06-30,NQU3,517132.0,1378.0
2023-07-03,NQU3,261146.0,1155.0
2023-07-04,NQU3,44151.0,1138.0
2023-07-05,NQU3,471458.0,1379.0
2023-07-06,NQU3,563333.0,1380.0
2023-07-07,NQU3,545665.0,1379.0
2023-07-10,NQU3,596653.0,1380.0
2023-07-11,NQU3,547676.0,1380.0
2023-07-12,NQU3,640656.0,1379.0
2023-07-13,NQU3,552884.0,1380.0
2023-07-14,NQU3,620808.0,1380.0
2023-07-17,NQU3,513749.0,1380.0
2023-07-18,NQU3,623544.0,1380.0
2023-07-19,NQU3,674090.0,1380.0
2023-07-20,NQU3,795767.0,1380.0
2023-07-21,NQU3,693652.0,1380.0
2023-07-24,NQU3,553073.0,1380.0
2023-07-25,NQU3,542184.0,1379.0
2023-07-26,NQU3,676819.0,1380.0
2023-07-27,NQU3,829712.0,1380.0
2023-07-28,NQU3,673025.0,1380.0
2023-07-31,NQU3,517387.0,1380.0
2023-08-01,NQU3,520172.0,1380.0
2023-08-02,NQU3,753885.0,1380.0
2023-08-03,NQU3,651407.0,1380.0
2023-08-04,NQU3,761900.0,1380.0
2023-08-07,NQU3,572075.0,1380.0
2023-08-08,NQU3,630918.0,1380.0
2023-08-09,NQU3,644369.0,1380.0
2023-08-10,NQU3,789672.0,1380.0
2023-08-11,NQU3,609531.0,1380.0
2023-08-14,NQU3,550435.0,1380.0
2023-08-15,NQU3,586418.0,1380.0
2023-08-16,NQU3,632753.0,1380.0
2023-08-17,NQU3,673555.0,1380.0
2023-08-18,NQU3,720645.0,1380.0
2023-08-21,NQU3,631917.0,1380.0
2023-08-22,NQU3,617160.0,1380.0
2023-08-23,NQU3,596340.0,1380.0
2023-08-24,NQU3,838193.0,1380.0
2023-08-25,NQU3,812403.0,1380.0
2023-08-28,NQU3,583505.0,1379.0
2023-08-29,NQU3,604862.0,1379.0
2023-08-30,NQU3,586256.0,1380.0
2023-08-31,NQU3,579580.0,1380.0
2023-09-01,NQU3,566999.0,1380.0
2023-09-04,NQU3,76938.0,1138.0
2023-09-05,NQU3,518999.0,1380.0
2023-09-06,NQU3,587862.0,1380.0
2023-09-07,NQU3,623754.0,1380.0
2023-09-08,NQU3,538217.0,1380.0
2023-09-11,NQZ3,459520.0,1380.0
2023-09-12,NQZ3,552199.0,1379.0
2023-09-13,NQZ3,687850.0,1380.0
2023-09-14,NQZ3,614052.0,1380.0
2023-09-15,NQZ3,681096.0,1380.0
2023-09-18,NQZ3,501576.0,1379.0
2023-09-19,NQZ3,544263.0,1380.0
2023-09-20,NQZ3,598468.0,1379.0
2023-09-21,NQZ3,685317.0,1380.0
2023-09-22,NQZ3,617483.0,1380.0
2023-09-25,NQZ3,564802.0,1379.0
2023-09-26,NQZ3,659897.0,1380.0
2023-09-27,NQZ3,707940.0,1380.0
2023-09-28,NQZ3,723598.0,1380.0
2023-09-29,NQZ3,734210.0,1380.0
2023-10-02,NQZ3,757149.0,1380.0
2023-10-03,NQZ3,754379.0,1380.0
2023-10-04,NQZ3,794468.0,1380.0
2023-10-05,NQZ3,667467.0,1380.0
2023-10-06,NQZ3,826486.0,1380.0
2023-10-09,NQZ3,609878.0,1380.0
2023-10-10,NQZ3,639647.0,1380.0
2023-10-11,NQZ3,608228.0,1380.0
2023-10-12,NQZ3,738901.0,1380.0
2023-10-13,NQZ3,768073.0,1380.0
2023-10-16,NQZ3,634978.0,1380.0
2023-10-17,NQZ3,773295.0,1380.0
2023-10-18,NQZ3,847954.0,1380.0
2023-10-19,NQZ3,1010505.0,1380.0
2023-10-20,NQZ3,831654.0,1380.0
2023-10-23,NQZ3,757231.0,1380.0
2023-10-24,NQZ3,696516.0,1380.0
2023-10-25,NQZ3,805706.0,1380.0
2023-10-26,NQZ3,979543.0,1380.0
2023-10-27,NQZ3,774722.0,1380.0
2023-10-30,NQZ3,699653.0,1380.0
2023-10-31,NQZ3,708177.0,1380.0
2023-11-01,NQZ3,734498.0,1380.0
2023-11-02,NQZ3,639288.0,1380.0
2023-11-03,NQZ3,625171.0,1380.0
2023-11-05,NQZ3,24911.0,360.0
2023-11-06,NQZ3,465199.0,1020.0
2023-11-07,NQZ3,571482.0,1380.0
2023-11-08,NQZ3,541299.0,1380.0
2023-11-09,NQZ3,699981.0,1380.0
2023-11-10,NQZ3,662738.0,1380.0
2023-11-13,NQZ3,526191.0,1380.0
2023-11-14,NQZ3,645583.0,1380.0
2023-11-15,NQZ3,676031.0,1380.0
2023-11-16,NQZ3,627432.0,1380.0
2023-11-17,NQZ3,556019.0,1380.0
2023-11-20,NQZ3,553359.0,1380.0
2023-11-21,NQZ3,568179.0,1380.0
2023-11-22,NQZ3,617548.0,1380.0
2023-11-23,NQZ3,69784.0,1139.0
2023-11-24,NQZ3,224148.0,1155.0
2023-11-27,NQZ3,499060.0,1380.0
2023-11-28,NQZ3,590739.0,1380.0
2023-11-29,NQZ3,628455.0,1380.0
2023-11-30,NQZ3,676474.0,1380.0
2023-12-01,NQZ3,615725.0,1380.0
2023-12-04,NQZ3,706527.0,1380.0
2023-12-05,NQZ3,672705.0,1380.0
2023-12-06,NQZ3,662014.0,1380.0
2023-12-07,NQZ3,612109.0,1380.0
2023-12-08,NQZ3,525906.0,1380.0
2023-12-11,NQH4,394928.0,1378.0
2023-12-12,NQH4,513525.0,1380.0
2023-12-13,NQH4,627202.0,1380.0
2023-12-14,NQH4,737885.0,1380.0
2023-12-15,NQH4,641579.0,1380.0
2023-12-18,NQH4,447862.0,1380.0
2023-12-19,NQH4,487721.0,1380.0
2023-12-20,NQH4,643149.0,1380.0
2023-12-21,NQH4,631021.0,1380.0
2023-12-22,NQH4,478748.0,1380.0
2023-12-26,NQH4,286170.0,1380.0
2023-12-27,NQH4,417060.0,1380.0
2023-12-28,NQH4,353018.0,1380.0
2023-12-29,NQH4,460937.0,1380.0
2024-01-02,NQH4,634193.0,1380.0
2024-01-03,NQH4,668346.0,1380.0
2024-01-04,NQH4,551255.0,1380.0
2024-01-05,NQH4,620632.0,1380.0
2024-01-08,NQH4,537622.0,1380.0
2024-01-09,NQH4,597922.0,1379.0
2024-01-10,NQH4,544039.0,1380.0
2024-01-11,NQH4,748575.0,1380.0
2024-01-12,NQH4,587576.0,1380.0
2024-01-15,NQH4,102894.0,1140.0
2024-01-16,NQH4,703577.0,1380.0
2024-01-17,NQH4,705339.0,1380.0
2024-01-18,NQH4,836550.0,1380.0
2024-01-19,NQH4,743817.0,1380.0
2024-01-22,NQH4,625845.0,1380.0
2024-01-23,NQH4,500857.0,1380.0
2024-01-24,NQH4,711437.0,1380.0
2024-01-25,NQH4,702508.0,1380.0
2024-01-26,NQH4,626065.0,1380.0
2024-01-29,NQH4,560766.0,1380.0
2024-01-30,NQH4,547334.0,1379.0
2024-01-31,NQH4,803504.0,1380.0
2024-02-01,NQH4,697672.0,1380.0
2024-02-02,NQH4,750117.0,1380.0
2024-02-05,NQH4,614919.0,1380.0
2024-02-06,NQH4,617029.0,1380.0
2024-02-07,NQH4,603414.0,1380.0
2024-02-08,NQH4,465048.0,1380.0
2024-02-09,NQH4,490828.0,1379.0
2024-02-12,NQH4,533457.0,1373.0
2024-02-13,NQH4,842067.0,1380.0
2024-02-14,NQH4,682995.0,1380.0
2024-02-15,NQH4,653622.0,1380.0
2024-02-16,NQH4,733793.0,1380.0
2024-02-19,NQH4,95847.0,1140.0
2024-02-20,NQH4,783676.0,1380.0
2024-02-21,NQH4,717812.0,1380.0
2024-02-22,NQH4,745762.0,1380.0
2024-02-23,NQH4,651208.0,1380.0
2024-02-26,NQH4,520506.0,1380.0
2024-02-27,NQH4,563122.0,1380.0
2024-02-28,NQH4,546729.0,1380.0
2024-02-29,NQH4,671204.0,1380.0
2024-03-01,NQH4,627961.0,1380.0
2024-03-04,NQH4,560091.0,1380.0
2024-03-05,NQH4,785534.0,1380.0
2024-03-06,NQH4,797730.0,1380.0
2024-03-07,NQH4,740760.0,1380.0
2024-03-08,NQH4,977885.0,1380.0
2024-03-11,NQM4,570959.0,1380.0
2024-03-12,NQM4,676480.0,1380.0
2024-03-13,NQM4,687816.0,1380.0
2024-03-14,NQM4,786709.0,1380.0
2024-03-15,NQM4,671985.0,1380.0
2024-03-18,NQM4,644555.0,1380.0
2024-03-19,NQM4,653962.0,1380.0
2024-03-20,NQM4,608527.0,1380.0
2024-03-21,NQM4,599532.0,1380.0
2024-03-22,NQM4,505243.0,1380.0
2024-03-25,NQM4,452041.0,1380.0
2024-03-26,NQM4,511034.0,1380.0
2024-03-27,NQM4,594455.0,1380.0
2024-03-28,NQM4,505512.0,1380.0
2024-04-01,NQM4,562748.0,1380.0
2024-04-02,NQM4,606699.0,1380.0
2024-04-03,NQM4,587654.0,1380.0
2024-04-04,NQM4,761860.0,1380.0
2024-04-05,NQM4,795926.0,1380.0
2024-04-08,NQM4,521042.0,1380.0
2024-04-09,NQM4,690981.0,1380.0
2024-04-10,NQM4,862742.0,1379.0
2024-04-11,NQM4,718057.0,1380.0
2024-04-12,NQM4,770507.0,1379.0
2024-04-15,NQM4,788231.0,1380.0
2024-04-16,NQM4,759116.0,1380.0
2024-04-17,NQM4,834573.0,1380.0
2024-04-18,NQM4,749579.0,1380.0
2024-04-19,NQM4,1012254.0,1380.0
2024-04-22,NQM4,633570.0,1380.0
2024-04-23,NQM4,592767.0,1380.0
2024-04-24,NQM4,659876.0,1380.0
2024-04-25,NQM4,808605.0,1380.0
2024-04-26,NQM4,620292.0,1380.0
2024-04-29,NQM4,525402.0,1380.0
2024-04-30,NQM4,666936.0,1380.0
2024-05-01,NQM4,780826.0,1380.0
2024-05-02,NQM4,627153.0,1379.0
2024-05-03,NQM4,546752.0,1380.0
2024-05-06,NQM4,389298.0,1380.0
2024-05-07,NQM4,464788.0,1378.0
2024-05-08,NQM4,450639.0,1379.0
2024-05-09,NQM4,468858.0,1378.0
2024-05-10,NQM4,469407.0,1380.0
2024-05-13,NQM4,405279.0,1380.0
2024-05-14,NQM4,548471.0,1380.0
2024-05-15,NQM4,596207.0,1380.0
2024-05-16,NQM4,542065.0,1380.0
2024-05-17,NQM4,482285.0,1379.0
2024-05-20,NQM4,465347.0,1380.0
2024-05-21,NQM4,421571.0,1378.0
2024-05-22,NQM4,570288.0,1380.0
2024-05-23,NQM4,843252.0,1380.0
2024-05-24,NQM4,538134.0,1380.0
2024-05-27,NQM4,72790.0,1140.0
2024-05-28,NQM4,562188.0,1380.0
2024-05-29,NQM4,566765.0,1380.0
2024-05-30,NQM4,611110.0,1380.0
2024-05-31,NQM4,817453.0,1380.0
2024-06-03,NQM4,660094.0,1380.0
2024-06-04,NQM4,608672.0,1380.0
2024-06-05,NQM4,564415.0,1380.0
2024-06-06,NQM4,514699.0,1380.0
2024-06-07,NQM4,603173.0,1379.0
2024-06-10,NQM4,565683.0,1379.0
2024-06-11,NQM4,554551.0,1380.0
2024-06-12,NQM4,673095.0,1380.0
2024-06-13,NQM4,544977.0,1380.0
2024-06-14,NQM4,512518.0,1380.0
2024-06-17,NQU4,504018.0,1380.0
2024-06-18,NQU4,489241.0,1380.0
2024-06-19,NQU4,66883.0,1140.0
2024-06-20,NQU4,784259.0,1380.0
2024-06-21,NQU4,573754.0,1380.0
2024-06-24,NQU4,676449.0,1380.0
2024-06-25,NQU4,566404.0,1380.0
2024-06-26,NQU4,584733.0,1380.0
2024-06-27,NQU4,579644.0,1380.0
2024-06-28,NQU4,737662.0,1380.0
2024-07-01,NQU4,631947.0,1380.0
2024-07-02,NQU4,607545.0,1380.0
2024-07-03,NQU4,389641.0,1155.0
2024-07-04,NQU4,52694.0,1137.0
2024-07-05,NQU4,539056.0,1379.0
2024-07-08,NQU4,490382.0,1380.0
2024-07-09,NQU4,564262.0,1379.0
2024-07-10,NQU4,563663.0,1380.0
2024-07-11,NQU4,890384.0,1380.0
2024-07-12,NQU4,712780.0,1380.0
2024-07-15,NQU4,693346.0,1380.0
2024-07-16,NQU4,622766.0,1380.0
2024-07-17,NQU4,835039.0,1380.0
2024-07-18,NQU4,951860.0,1380.0
2024-07-19,NQU4,763223.0,1380.0
2024-07-22,NQU4,645159.0,1380.0
2024-07-23,NQU4,593769.0,1380.0
2024-07-24,NQU4,822747.0,1380.0
2024-07-25,NQU4,970328.0,1380.0
2024-07-26,NQU4,687457.0,1380.0
2024-07-29,NQU4,591523.0,1379.0
2024-07-30,NQU4,731539.0,1379.0
2024-07-31,NQU4,744800.0,1380.0
2024-08-01,NQU4,900049.0,1380.0
2024-08-02,NQU4,823210.0,1380.0
2024-08-05,NQU4,921700.0,1380.0
2024-08-06,NQU4,682965.0,1380.0
2024-08-07,NQU4,707286.0,1380.0
2024-08-08,NQU4,649781.0,1380.0
2024-08-09,NQU4,494481.0,1380.0
2024-08-12,NQU4,464243.0,1380.0
2024-08-13,NQU4,489902.0,1380.0
2024-08-14,NQU4,542881.0,1380.0
2024-08-15,NQU4,516216.0,1380.0
2024-08-16,NQU4,449986.0,1380.0
2024-08-19,NQU4,424458.0,1379.0
2024-08-20,NQU4,479343.0,1380.0
2024-08-21,NQU4,473242.0,1379.0
2024-08-22,NQU4,621620.0,1380.0
2024-08-23,NQU4,574212.0,1380.0
2024-08-26,NQU4,467882.0,1379.0
2024-08-27,NQU4,433128.0,1380.0
2024-08-28,NQU4,530615.0,1380.0
2024-08-29,NQU4,660810.0,1380.0
2024-08-30,NQU4,484108.0,1380.0
2024-09-02,NQU4,71521.0,1140.0
2024-09-03,NQU4,615795.0,1379.0
2024-09-04,NQU4,576119.0,1380.0
2024-09-05,NQU4,577823.0,1380.0
2024-09-06,NQU4,710853.0,1380.0
2024-09-09,NQU4,524709.0,1380.0
2024-09-10,NQU4,528811.0,1380.0
2024-09-11,NQU4,710142.0,1380.0
2024-09-12,NQU4,563372.0,1380.0
2024-09-13,NQU4,416582.0,1379.0
2024-09-16,NQZ4,265970.0,1372.0
2024-09-17,NQZ4,411071.0,1380.0
2024-09-18,NQZ4,507619.0,1379.0
2024-09-19,NQZ4,564439.0,1380.0
2024-09-20,NQZ4,468333.0,1380.0
2024-09-23,NQZ4,391341.0,1380.0
2024-09-24,NQZ4,449958.0,1380.0
2024-09-25,NQZ4,396198.0,1380.0
2024-09-26,NQZ4,502675.0,1380.0
2024-09-27,NQZ4,429188.0,1380.0
2024-09-30,NQZ4,502074.0,1380.0
2024-10-01,NQZ4,649870.0,1380.0
2024-10-02,NQZ4,470924.0,1380.0
2024-10-03,NQZ4,521135.0,1380.0
2024-10-04,NQZ4,551865.0,1380.0
2024-10-07,NQZ4,443310.0,1380.0
2024-10-08,NQZ4,436745.0,1380.0
2024-10-09,NQZ4,414880.0,1380.0
2024-10-10,NQZ4,443278.0,1380.0
2024-10-11,NQZ4,379093.0,1380.0
2024-10-14,NQZ4,385134.0,1380.0
2024-10-15,NQZ4,509264.0,1380.0
2024-10-16,NQZ4,411075.0,1380.0
2024-10-17,NQZ4,525927.0,1379.0
2024-10-18,NQZ4,378788.0,1380.0
2024-10-21,NQZ4,444002.0,1380.0
2024-10-22,NQZ4,465086.0,1379.0
2024-10-23,NQZ4,606251.0,1380.0
2024-10-24,NQZ4,456022.0,1380.0
2024-10-25,NQZ4,570035.0,1380.0
2024-10-28,NQZ4,426986.0,1380.0
2024-10-29,NQZ4,488384.0,1380.0
2024-10-30,NQZ4,511825.0,1380.0
2024-10-31,NQZ4,675933.0,1380.0
2024-11-01,NQZ4,538204.0,1380.0
2024-11-03,NQZ4,39262.0,360.0
2024-11-04,NQZ4,473967.0,1020.0
2024-11-05,NQZ4,442628.0,1380.0
2024-11-06,NQZ4,618789.0,1380.0
2024-11-07,NQZ4,455640.0,1380.0
2024-11-08,NQZ4,395096.0,1380.0
2024-11-11,NQZ4,450555.0,1380.0
2024-11-12,NQZ4,502726.0,1380.0
2024-11-13,NQZ4,524473.0,1380.0
2024-11-14,NQZ4,545338.0,1380.0
2024-11-15,NQZ4,673974.0,1380.0
2024-11-18,NQZ4,519131.0,1380.0
2024-11-19,NQZ4,545561.0,1380.0
2024-11-20,NQZ4,610163.0,1380.0
2024-11-21,NQZ4,692741.0,1380.0
2024-11-22,NQZ4,537600.0,1380.0
2024-11-25,NQZ4,534691.0,1380.0
2024-11-26,NQZ4,496779.0,1380.0
2024-11-27,NQZ4,512783.0,1380.0
2024-11-28,NQZ4,54749.0,1140.0
2024-11-29,NQZ4,282643.0,1155.0
2024-12-02,NQZ4,468344.0,1380.0
2024-12-03,NQZ4,439162.0,1380.0
2024-12-04,NQZ4,454859.0,1379.0
2024-12-05,NQZ4,412556.0,1380.0
2024-12-06,NQZ4,448858.0,1380.0
2024-12-09,NQZ4,507056.0,1380.0
2024-12-10,NQZ4,528613.0,1380.0
2024-12-11,NQZ4,530126.0,1380.0
2024-12-12,NQZ4,490739.0,1379.0
2024-12-13,NQZ4,562210.0,1380.0
2024-12-16,NQZ4,294989.0,1380.0
2024-12-17,NQH5,453103.0,1378.0
2024-12-18,NQH5,642537.0,1380.0
2024-12-19,NQH5,689044.0,1380.0
2024-12-20,NQH5,840157.0,1380.0
2024-12-23,NQH5,502016.0,1380.0
2024-12-24,NQH5,256897.0,1155.0
2024-12-26,NQH5,398407.0,1379.0
2024-12-27,NQH5,555262.0,1380.0
2024-12-30,NQH5,516039.0,1380.0
2024-12-31,NQH5,469100.0,1380.0
2025-01-02,NQH5,658865.0,1380.0
2025-01-03,NQH5,479425.0,1379.0
2025-01-06,NQH5,562263.0,1380.0
2025-01-07,NQH5,632574.0,1380.0
2025-01-08,NQH5,626784.0,1380.0
2025-01-09,NQH5,77136.0,930.0
2025-01-10,NQH5,691607.0,1380.0
2025-01-13,NQH5,606692.0,1380.0
2025-01-14,NQH5,664463.0,1380.0
2025-01-15,NQH5,543896.0,1380.0
2025-01-16,NQH5,586335.0,1380.0
2025-01-17,NQH5,580291.0,1380.0
2025-01-20,NQH5,155116.0,1140.0
2025-01-21,NQH5,499679.0,1380.0
2025-01-22,NQH5,486780.0,1380.0
2025-01-23,NQH5,466745.0,1380.0
2025-01-24,NQH5,519260.0,1380.0
2025-01-27,NQH5,1034722.0,1380.0
2025-01-28,NQH5,649287.0,1380.0
2025-01-29,NQH5,624948.0,1380.0
2025-01-30,NQH5,612638.0,1380.0
2025-01-31,NQH5,646025.0,1380.0
2025-02-03,NQH5,720963.0,1380.0
2025-02-04,NQH5,491670.0,1380.0
2025-02-05,NQH5,493018.0,1380.0
2025-02-06,NQH5,436061.0,1380.0
2025-02-07,NQH5,591407.0,1380.0
2025-02-10,NQH5,385195.0,1380.0
2025-02-11,NQH5,418708.0,1380.0
2025-02-12,NQH5,540960.0,1380.0
2025-02-13,NQH5,529361.0,1379.0
2025-02-14,NQH5,429223.0,1380.0
2025-02-17,NQH5,101174.0,1140.0
2025-02-18,NQH5,458230.0,1380.0
2025-02-19,NQH5,491538.0,1380.0
2025-02-20,NQH5,555432.0,1380.0
2025-02-21,NQH5,697766.0,1380.0
2025-02-24,NQH5,658441.0,1379.0
2025-02-25,NQH5,791784.0,1380.0
2025-02-26,NQH5,640013.0,1380.0
2025-02-27,NQH5,843883.0,1380.0
2025-02-28,NQH5,834281.0,1380.0
2025-03-03,NQH5,826523.0,1380.0
2025-03-04,NQH5,943693.0,1380.0
2025-03-05,NQH5,772979.0,1380.0
2025-03-06,NQH5,750516.0,1380.0
2025-03-07,NQH5,750524.0,1380.0
2025-03-10,NQH5,776378.0,1380.0
2025-03-11,NQH5,838247.0,1380.0
2025-03-12,NQH5,683839.0,1380.0
2025-03-13,NQH5,728581.0,1380.0
2025-03-14,NQH5,686302.0,1380.0
2025-03-17,NQH5,393973.0,1380.0
2025-03-18,NQM5,467061.0,1380.0
2025-03-19,NQM5,511665.0,1380.0
2025-03-20,NQM5,569867.0,1380.0
2025-03-21,NQM5,593029.0,1380.0
2025-03-24,NQM5,547242.0,1380.0
2025-03-25,NQM5,466259.0,1380.0
2025-03-26,NQM5,610815.0,1380.0
2025-03-27,NQM5,624835.0,1380.0
2025-03-28,NQM5,683770.0,1380.0
2025-03-31,NQM5,829003.0,1380.0
2025-04-01,NQM5,783579.0,1380.0
2025-04-02,NQM5,829638.0,1379.0
2025-04-03,NQM5,871649.0,1378.0
2025-04-04,NQM5,1173315.0,1380.0
2025-04-07,NQM5,1123811.0,1380.0
2025-04-08,NQM5,939853.0,1380.0
2025-04-09,NQM5,1055054.0,1380.0
2025-04-10,NQM5,952611.0,1380.0
2025-04-11,NQM5,660099.0,1380.0
2025-04-14,NQM5,564487.0,1380.0
2025-04-15,NQM5,520354.0,1380.0
2025-04-16,NQM5,674475.0,1380.0
2025-04-17,NQM5,623226.0,1380.0
2025-04-21,NQM5,473548.0,1380.0
2025-04-22,NQM5,610213.0,1380.0
2025-04-23,NQM5,724101.0,1380.0
2025-04-24,NQM5,589977.0,1380.0
2025-04-25,NQM5,580630.0,1380.0
2025-04-28,NQM5,505671.0,1380.0
2025-04-29,NQM5,561158.0,1380.0
2025-04-30,NQM5,705432.0,1380.0
2025-05-01,NQM5,581491.0,1380.0
2025-05-02,NQM5,509436.0,1380.0
2025-05-05,NQM5,407810.0,1380.0
2025-05-06,NQM5,509449.0,1380.0
2025-05-07,NQM5,587037.0,1380.0
2025-05-08,NQM5,558866.0,1380.0
2025-05-09,NQM5,447061.0,1380.0
2025-05-12,NQM5,624540.0,1380.0
2025-05-13,NQM5,516679.0,1380.0
2025-05-14,NQM5,504568.0,1380.0
2025-05-15,NQM5,535253.0,1380.0
2025-05-16,NQM5,406829.0,1380.0
2025-05-19,NQM5,503585.0,1380.0
2025-05-20,NQM5,431760.0,1380.0
2025-05-21,NQM5,597621.0,1380.0
2025-05-22,NQM5,508856.0,1380.0
2025-05-23,NQM5,520244.0,1380.0
2025-05-26,NQM5,87319.0,1140.0
2025-05-27,NQM5,437426.0,1380.0
2025-05-28,NQM5,415811.0,1380.0
2025-05-29,NQM5,559283.0,1380.0
2025-05-30,NQM5,542351.0,1380.0
2025-06-02,NQM5,428279.0,1380.0
2025-06-03,NQM5,419118.0,1380.0
2025-06-04,NQM5,396186.0,1380.0
2025-06-05,NQM5,581110.0,1380.0
2025-06-06,NQM5,460119.0,1380.0
2025-06-09,NQM5,350758.0,1380.0
2025-06-10,NQM5,429199.0,1380.0
2025-06-11,NQM5,509299.0,1380.0
2025-06-12,NQM5,378429.0,1380.0
2025-06-13,NQM5,483935.0,1380.0
2025-06-16,NQU5,262263.0,1378.0
2025-06-17,NQU5,400305.0,1380.0
2025-06-18,NQU5,440717.0,1380.0
2025-06-19,NQU5,113479.0,1140.0
2025-06-20,NQU5,515500.0,1380.0
2025-06-23,NQU5,542445.0,1380.0
2025-06-24,NQU5,441302.0,1380.0
2025-06-25,NQU5,390111.0,1380.0
2025-06-26,NQU5,404964.0,1380.0
2025-06-27,NQU5,470733.0,1380.0
2025-06-30,NQU5,424767.0,1380.0
2025-07-01,NQU5,483196.0,1380.0
2025-07-02,NQU5,402342.0,1380.0
2025-07-03,NQU5,264660.0,1154.0
2025-07-04,NQU5,72496.0,1140.0
2025-07-07,NQU5,458601.0,1380.0
2025-07-08,NQU5,417034.0,1380.0
2025-07-09,NQU5,444792.0,1378.0
2025-07-10,NQU5,385379.0,1380.0
2025-07-11,NQU5,455727.0,1380.0
2025-07-14,NQU5,408577.0,1380.0
2025-07-15,NQU5,519188.0,1380.0
2025-07-16,NQU5,540438.0,1380.0
2025-07-17,NQU5,436788.0,1380.0
2025-07-18,NQU5,437309.0,1380.0
2025-07-21,NQU5,390105.0,1380.0
2025-07-22,NQU5,530913.0,1380.0
2025-07-23,NQU5,508328.0,1380.0
2025-07-24,NQU5,430895.0,1380.0
2025-07-25,NQU5,389934.0,1380.0
2025-07-28,NQU5,419312.0,1380.0
2025-07-29,NQU5,530800.0,1380.0
2025-07-30,NQU5,527586.0,1379.0
2025-07-31,NQU5,728764.0,1380.0
2025-08-01,NQU5,792154.0,1380.0
2025-08-04,NQU5,463834.0,1380.0
2025-08-05,NQU5,536166.0,1380.0
2025-08-06,NQU5,516358.0,1380.0
2025-08-07,NQU5,557015.0,1380.0
2025-08-08,NQU5,447592.0,1380.0
2025-08-11,NQU5,439363.0,1380.0
2025-08-12,NQU5,480628.0,1380.0
2025-08-13,NQU5,448246.0,1380.0
2025-08-14,NQU5,486535.0,1379.0
2025-08-15,NQU5,434317.0,1380.0
2025-08-18,NQU5,396238.0,1380.0
2025-08-19,NQU5,547883.0,1380.0
2025-08-20,NQU5,704395.0,1380.0
2025-08-21,NQU5,520650.0,1380.0
2025-08-22,NQU5,480041.0,1379.0
2025-08-25,NQU5,396107.0,1380.0
2025-08-26,NQU5,437212.0,1380.0
2025-08-27,NQU5,428803.0,1380.0
2025-08-28,NQU5,479461.0,1380.0
2025-08-29,NQU5,527958.0,1380.0
2025-09-01,NQU5,87680.0,1140.0
2025-09-02,NQU5,649736.0,1380.0
2025-09-03,NQU5,557397.0,1380.0
2025-09-04,NQU5,475080.0,1380.0
2025-09-05,NQU5,662754.0,1380.0
2025-09-08,NQU5,450764.0,1380.0
2025-09-09,NQU5,466233.0,1380.0
2025-09-10,NQU5,510078.0,1380.0
2025-09-11,NQU5,429449.0,1379.0
2025-09-12,NQU5,382625.0,1380.0
2025-09-15,NQU5,218969.0,1378.0
2025-09-16,NQZ5,320651.0,1380.0
2025-09-17,NQZ5,549031.0,1380.0
2025-09-18,NQZ5,518528.0,1380.0
2025-09-19,NQZ5,480380.0,1380.0
2025-09-22,NQZ5,467903.0,1379.0
2025-09-23,NQZ5,551327.0,1380.0
2025-09-24,NQZ5,521655.0,1380.0
2025-09-25,NQZ5,687130.0,1380.0
2025-09-26,NQZ5,542986.0,1380.0
2025-09-29,NQZ5,501113.0,1380.0
2025-09-30,NQZ5,503096.0,1380.0
2025-10-01,NQZ5,466539.0,1380.0
2025-10-02,NQZ5,451665.0,1380.0
2025-10-03,NQZ5,482299.0,1380.0
2025-10-06,NQZ5,410616.0,1380.0
2025-10-07,NQZ5,532138.0,1380.0
2025-10-08,NQZ5,436333.0,1380.0
2025-10-09,NQZ5,493736.0,1380.0
2025-10-10,NQZ5,914794.0,1380.0
2025-10-13,NQZ5,649746.0,1380.0
2025-10-14,NQZ5,720613.0,1380.0
2025-10-15,NQZ5,623584.0,1380.0
2025-10-16,NQZ5,726829.0,1380.0
2025-10-17,NQZ5,735170.0,1380.0
2025-10-20,NQZ5,429882.0,1380.0
2025-10-21,NQZ5,432351.0,1380.0
2025-10-22,NQZ5,683813.0,1380.0
2025-10-23,NQZ5,521868.0,1380.0
2025-10-24,NQZ5,459795.0,1380.0
2025-10-27,NQZ5,421306.0,1380.0
2025-10-28,NQZ5,440019.0,1380.0
2025-10-29,NQZ5,548648.0,1380.0
2025-10-30,NQZ5,654512.0,1380.0
2025-10-31,NQZ5,590702.0,1380.0
2025-11-02,NQZ5,28384.0,360.0
2025-11-03,NQZ5,440022.0,1020.0
2025-11-04,NQZ5,659924.0,1380.0
2025-11-05,NQZ5,610347.0,1380.0
2025-11-06,NQZ5,746174.0,1380.0
2025-11-07,NQZ5,752909.0,1380.0
2025-11-10,NQZ5,609648.0,1380.0
2025-11-11,NQZ5,524477.0,1380.0
2025-11-12,NQZ5,599965.0,1380.0
2025-11-13,NQZ5,764574.0,1380.0
2025-11-14,NQZ5,847616.0,1380.0
2025-11-17,NQZ5,731541.0,1380.0
2025-11-18,NQZ5,860410.0,1380.0
2025-11-19,NQZ5,761609.0,1380.0
2025-11-20,NQZ5,975531.0,1380.0
2025-11-21,NQZ5,903236.0,1380.0
2025-11-24,NQZ5,593852.0,1380.0
2025-11-25,NQZ5,617788.0,1380.0
2025-11-26,NQZ5,513391.0,1380.0
2025-11-27,NQZ5,46766.0,1140.0
2025-11-28,NQZ5,149531.0,508.0
2025-12-01,NQZ5,567265.0,1380.0
2025-12-02,NQZ5,554416.0,1380.0
2025-12-03,NQZ5,485865.0,1380.0
2025-12-04,NQZ5,504410.0,1380.0
2025-12-05,NQZ5,488183.0,1380.0
2025-12-08,NQZ5,467045.0,1380.0
2025-12-09,NQZ5,400961.0,1380.0
2025-12-10,NQZ5,538109.0,1380.0
2025-12-11,NQZ5,612703.0,1380.0
2025-12-12,NQZ5,688034.0,1380.0
2025-12-15,NQH6,304939.0,1380.0
2025-12-16,NQH6,545470.0,1380.0
2025-12-17,NQH6,628078.0,1380.0
2025-12-18,NQH6,661010.0,1380.0
2025-12-19,NQH6,485585.0,1380.0
2025-12-22,NQH6,361214.0,1380.0
2025-12-23,NQH6,330542.0,1380.0
2025-12-24,NQH6,159844.0,1152.0
2025-12-26,NQH6,235607.0,1377.0
2025-12-29,NQH6,341852.0,1380.0
2025-12-30,NQH6,296428.0,1380.0
2025-12-31,NQH6,279444.0,1310.0
